DATE,DESCRIPTION,AMOUNT,BALANCE
15/11/2025,OPENING BALANCE,,ZAR-14217.99
13/05/2026,SM KATANE H100 CAR SER - IB PAYMENT TO SM KATANE H100 CAR SER,-600.0,-37511.18
12/05/2026,CR EFTPOS 2KC 2  0003104445252 - CREDIT CARD EFTPOS SETTLEMENT CR EFTPOS 2KC 2  0003104445252,250.0,-36911.18
12/05/2026,DR EFTPOS 2KC 2  0003104445252 - CREDIT CARD EFTPOS SETTLEMENT DR EFTPOS 2KC 2  0003104445252,770.0,-37161.18
12/05/2026,OBARO RUSTENBURG FC  RUSTENBUR 2026 - DEBIT CARD PURCHASE FROM OBARO RUSTENBURG FC  RUSTENBUR 2026,-1731.0,-37931.18
12/05/2026,294432792 - VALUE LOADED TO VIRTUAL CARD 294432792,-500.0,-36200.18
12/05/2026,RENATA  Rustenburg 2026-05-12T14:36 - DEBIT CARD PURCHASE FROM RENATA  Rustenburg 2026-05-12T14:36,-280.0,-35700.18
12/05/2026,CRAZY PLASTIC 4278*0900 08 MAY - CHEQUE CARD PURCHASE CRAZY PLASTIC 4278*0900 08 MAY,-89.9,-35420.18
12/05/2026,BELL CRESCENT 4278*0900 09 MAY - CHEQUE CARD PURCHASE BELL CRESCENT 4278*0900 09 MAY,-380.0,-35330.28
12/05/2026,CheckersFoods 4278*0900 09 MAY - CHEQUE CARD PURCHASE CheckersFoods 4278*0900 09 MAY,-115.36,-34950.28
11/05/2026,DR EFTPOS 2KC 2  0003094445252 - CREDIT CARD EFTPOS SETTLEMENT DR EFTPOS 2KC 2  0003094445252,1020.0,-34834.92
11/05/2026,CNN KOREAN PARTS  9030  RUSTEN 2026 - DEBIT CARD PURCHASE FROM CNN KOREAN PARTS  9030  RUSTEN 2026,-2500.0,-35854.92
11/05/2026,RENATA  Rustenburg 2026-05-11T09:39 - DEBIT CARD PURCHASE FROM RENATA  Rustenburg 2026-05-11T09:39,-100.0,-33354.92
11/05/2026,Checkers Alle 4278*0900 08 MAY - CHEQUE CARD PURCHASE Checkers Alle 4278*0900 08 MAY,-774.75,-33254.92
09/05/2026,DR EFTPOS 2KC 2  0003084445252 - CREDIT CARD EFTPOS SETTLEMENT DR EFTPOS 2KC 2  0003084445252,970.0,-32480.17
09/05/2026,CR EFTPOS 2KC 2  0003084445252 - CREDIT CARD EFTPOS SETTLEMENT CR EFTPOS 2KC 2  0003084445252,470.0,-33450.17
09/05/2026,Capital reimbur - IB TRANSFER TO Capital reimbur,-11100.0,-33920.17
09/05/2026, - FEE: PAYSHAP PAY BY PROXY ,-2.0,-22820.17
09/05/2026,Wage 006A - PAYSHAP PAY BY PROXY Wage 006A,-2831.6,-22818.17
09/05/2026,C*Makro Streu 4278*0900 08 MAY - CHEQUE CARD PURCHASE C*Makro Streu 4278*0900 08 MAY,-198.0,-19986.57
08/05/2026,VHH GROUP (PTY) LTD - CREDIT TRANSFER VHH GROUP (PTY) LTD,14323.34,-19788.57
08/05/2026,SHALOM PETRO WAS  RUSTENBURG 2026-0 - DEBIT CARD PURCHASE FROM SHALOM PETRO WAS  RUSTENBURG 2026-0,-1500.1,-34111.91
08/05/2026,Mothers day special - PAYSHAP PAYMENT FROM Mothers day special,1000.0,-32611.81
07/05/2026,CR EFTPOS 2KC 2  0003074445252 - CREDIT CARD EFTPOS SETTLEMENT CR EFTPOS 2KC 2  0003074445252,270.0,-33611.81
06/05/2026,DR EFTPOS 2KC 2  0003064445252 - CREDIT CARD EFTPOS SETTLEMENT DR EFTPOS 2KC 2  0003064445252,750.0,-33881.81
06/05/2026,River Service Station  JHB 2026-05- - DEBIT CARD PURCHASE FROM River Service Station  JHB 2026-05-,-2050.25,-34631.81
06/05/2026,C*Adendorff R 4278*0900 05 MAY - CHEQUE CARD PURCHASE C*Adendorff R 4278*0900 05 MAY,-375.0,-32581.56
06/05/2026,iK *Anthonys 4278*0900 02 MAY - CHEQUE CARD PURCHASE iK *Anthonys 4278*0900 02 MAY,-180.0,-32206.56
06/05/2026,PLANET NAILS 4278*0900 02 MAY - CHEQUE CARD PURCHASE PLANET NAILS 4278*0900 02 MAY,-260.0,-32026.56
05/05/2026,DR EFTPOS 2KC 2  0003054445252 - CREDIT CARD EFTPOS SETTLEMENT DR EFTPOS 2KC 2  0003054445252,240.0,-31766.56
05/05/2026,CAPITEC   C DU PLESSIS - CREDIT TRANSFER CAPITEC   C DU PLESSIS,330.0,-32006.56
05/05/2026,0781529140 13H55 325047249 - FEE - INSTANT MONEY 0781529140 13H55 325047249,-30.0,-32336.56
05/05/2026,0781529140 13H55 325047249 - CELLPHONE INSTANTMON CASH TO 0781529140 13H55 325047249,-1350.0,-32306.56
05/05/2026,Makro Streube 4278*0900 02 MAY - CHEQUE CARD PURCHASE Makro Streube 4278*0900 02 MAY,-978.0,-30956.56
04/05/2026,CR EFTPOS 2KC 2  0003044445252 - CREDIT CARD EFTPOS SETTLEMENT CR EFTPOS 2KC 2  0003044445252,910.0,-29978.56
04/05/2026,BP Midtown  CPT           GP Z 2026 - DEBIT CARD PURCHASE FROM BP Midtown  CPT           GP Z 2026,-1626.92,-30888.56
04/05/2026,ZZ SUPERMARKET   27817  RUSTEN 2026 - DEBIT CARD PURCHASE FROM ZZ SUPERMARKET   27817  RUSTEN 2026,-129.0,-29261.64
04/05/2026, - FEE: PAYSHAP PAY BY PROXY ,-2.0,-29132.64
04/05/2026,006A: 13-19 APRIL - PAYSHAP PAY BY PROXY 006A: 13-19 APRIL,-590.0,-29130.64
04/05/2026,PnP Crp Ruims 4278*0900 01 MAY - CHEQUE CARD PURCHASE PnP Crp Ruims 4278*0900 01 MAY,-94.99,-28540.64
02/05/2026,DR EFTPOS 2KC 2  0003034445252 - CREDIT CARD EFTPOS SETTLEMENT DR EFTPOS 2KC 2  0003034445252,2320.0,-28445.65
02/05/2026,CR EFTPOS 2KC 2  0003034445252 - CREDIT CARD EFTPOS SETTLEMENT CR EFTPOS 2KC 2  0003034445252,2860.0,-30765.65
02/05/2026,KGOLAENTLE COLLECTIONS - ELECTRONIC TRF - CREDIT CARD KGOLAENTLE COLLECTIONS,-1066.24,-33625.65
02/05/2026,MYAPPTMENTMY APPOINTMENTOPULEN - ACCOUNT PAYMENT MYAPPTMENTMY APPOINTMENTOPULEN,-560.0,-32559.41
02/05/2026,#INTERNATIONAL4278193343490900 - BANK CHARGES #INTERNATIONAL4278193343490900,-7.87,-31999.41
02/05/2026,Capital reimb - IB TRANSFER TO Capital reimb,-2100.0,-31991.54
02/05/2026,IRENE SARIFO - IB PAYMENT TO IRENE SARIFO,-1000.0,-29891.54
02/05/2026, - FEE: PAYSHAP PAY BY PROXY ,-2.0,-28891.54
02/05/2026,006A-WK13-19Apr - PAYSHAP PAY BY PROXY 006A-WK13-19Apr,-2000.0,-28889.54
02/05/2026,DNH*GODADDY#4 4278*0900 28 APR - CHEQUE CARD PURCHASE DNH*GODADDY#4 4278*0900 28 APR,-286.35,-26889.54
02/05/2026,River Service Station  JHB 2026-04- - DEBIT CARD PURCHASE FROM River Service Station  JHB 2026-04-,-250.15,-26603.19
30/04/2026,0000000332722368 00077 R34.65 - FEE: MYUPDATES FOR BUSINESS 0000000332722368 00077 R34.65,-34.65,-26353.04
30/04/2026,SEEFF JHB NORTH WEST - FEE: PAYMENT CONFIRM - EMAIL SEEFF JHB NORTH WEST,-0.8,-26318.39
30/04/2026, - MONTHLY MANAGEMENT FEE ,-315.0,-26317.59
30/04/2026, - FEE: UNUSED FACILITY ,-15.83,-26002.59
30/04/2026, - OVERDRAFT SERVICE FEE ,-99.0,-25986.76
30/04/2026, - FEE - DEBIT ORDER ,-20.0,-25887.76
30/04/2026,TAKEALOT  Takealot Seller Solu - DEBIT TRANSFER TAKEALOT  Takealot Seller Solu,-460.0,-25867.76
30/04/2026, - FEE - DEBIT ORDER ,-20.0,-25407.76
30/04/2026,BDG/BUSINS819045252 MAY 260430 - INSURANCE PREMIUM BDG/BUSINS819045252 MAY 260430,-2989.45,-25387.76
30/04/2026,VHH GROUP (PTY) LTD - CREDIT TRANSFER VHH GROUP (PTY) LTD,15306.14,-22398.31
30/04/2026,Capital Inject - IB TRANSFER FROM Capital Inject,2100.0,-37704.45
30/04/2026, - FEE IMMEDIATE PAYMENT ,-45.0,-39804.45
30/04/2026,292755439 TUNNEL MANGOZVANA - IMMEDIATE PAYMENT 292755439 TUNNEL MANGOZVANA,-7917.9,-39759.45
30/04/2026, - FEE IMMEDIATE PAYMENT ,-45.0,-31841.55
30/04/2026,292755059 IRENE SARIFO - IMMEDIATE PAYMENT 292755059 IRENE SARIFO,-4184.25,-31796.55
30/04/2026,Capital Injec - IB TRANSFER FROM Capital Injec,11100.0,-27612.3
30/04/2026,332722368 - FEE-ELECTRONIC ACCOUNT PAYMENT 332722368,-9.3,-38712.3
30/04/2026,SEEFF JHB NORTH W OPULENT RENT - IB PAYMENT TO SEEFF JHB NORTH W OPULENT RENT,-16330.0,-38703.0
30/04/2026,332722368 - DEBIT CARD PURCHASE FEE 332722368,-4.9,-22373.0
30/04/2026,River Service Station  JHB 2026-04- - DEBIT CARD PURCHASE FROM River Service Station  JHB 2026-04-,-1677.95,-22368.1
30/04/2026,0663269512 10H39 324085156 - FEE - INSTANT MONEY 0663269512 10H39 324085156,-10.0,-20690.15
30/04/2026,0663269512 10H39 324085156 - CELLPHONE INSTANTMON CASH TO 0663269512 10H39 324085156,-350.0,-20680.15
30/04/2026,332722368 - FEE-ELECTRONIC ACCOUNT PAYMENT 332722368,-9.3,-20330.15
30/04/2026,THABANG JOHN MOREO TJ MOREO - IB PAYMENT TO THABANG JOHN MOREO TJ MOREO,-7000.0,-20320.85
30/04/2026, - FEE-CHEQ CARD PURCHASE ,-4.9,-13320.85
30/04/2026,CRAZY PLASTIC 4278*0900 25 APR - CHEQUE CARD PURCHASE CRAZY PLASTIC 4278*0900 25 APR,-1029.9,-13315.95
29/04/2026,DR EFTPOS 2KC 2  0003024445252 - CREDIT CARD EFTPOS SETTLEMENT DR EFTPOS 2KC 2  0003024445252,470.0,-12286.05
29/04/2026,#INTERNATIONAL4278193343490900 - BANK CHARGES #INTERNATIONAL4278193343490900,-24.37,-12756.05
29/04/2026, - FEE-CHEQ CARD PURCHASE ,-4.9,-12731.68
29/04/2026,SANRAL/TCH IV 4278*0900 25 APR - CHEQUE CARD PURCHASE SANRAL/TCH IV 4278*0900 25 APR,-500.0,-12726.78
29/04/2026, - FEE-CHEQ CARD PURCHASE ,-4.9,-12226.78
29/04/2026,FACEBK *Q75M2 4278*0900 26 APR - CHEQUE CARD PURCHASE FACEBK *Q75M2 4278*0900 26 APR,-886.18,-12221.88
29/04/2026, - FEE-CHEQ CARD PURCHASE ,-4.9,-11335.7
29/04/2026,SANRAL/TCH IV 4278*0900 25 APR - CHEQUE CARD PURCHASE SANRAL/TCH IV 4278*0900 25 APR,-1.01,-11330.8
28/04/2026,DR EFTPOS 2KC 2  0003004445252 - CREDIT CARD EFTPOS SETTLEMENT DR EFTPOS 2KC 2  0003004445252,1620.0,-11329.79
28/04/2026,DR EFTPOS 2KC 2  0003014445252 - CREDIT CARD EFTPOS SETTLEMENT DR EFTPOS 2KC 2  0003014445252,760.0,-12949.79
28/04/2026,CR EFTPOS 2KC 2  0003004445252 - CREDIT CARD EFTPOS SETTLEMENT CR EFTPOS 2KC 2  0003004445252,550.0,-13709.79
28/04/2026,UCOUNT - MEMBERSHIP FEE UCOUNT,-30.0,-14259.79
28/04/2026,332722368 - DEBIT CARD PURCHASE FEE 332722368,-4.9,-14229.79
28/04/2026,SHALOM PETRO WAS  RUSTENBURG 2026-0 - DEBIT CARD PURCHASE FROM SHALOM PETRO WAS  RUSTENBURG 2026-0,-1526.3,-14224.89
28/04/2026,332722368 - DEBIT CARD PURCHASE FEE 332722368,-4.9,-12698.59
28/04/2026,SHALOM PETRO WAS  RUSTENBURG 2026-0 - DEBIT CARD PURCHASE FROM SHALOM PETRO WAS  RUSTENBURG 2026-0,-500.0,-12693.69
25/04/2026, - OVERDRAFT INTEREST ,-360.07,-12193.69
24/04/2026,DR EFTPOS 2KC 2  0002994445252 - CREDIT CARD EFTPOS SETTLEMENT DR EFTPOS 2KC 2  0002994445252,1330.0,-11833.62
24/04/2026,CR EFTPOS 2KC 2  0002994445252 - CREDIT CARD EFTPOS SETTLEMENT CR EFTPOS 2KC 2  0002994445252,650.0,-13163.62
24/04/2026,VHH GROUP (PTY) LTD - CREDIT TRANSFER VHH GROUP (PTY) LTD,12851.51,-13813.62
24/04/2026,0693419286 16H10 323063789 - FEE - INSTANT MONEY 0693419286 16H10 323063789,-10.0,-26665.13
24/04/2026,0693419286 16H10 323063789 - CELLPHONE INSTANTMON CASH TO 0693419286 16H10 323063789,-300.0,-26655.13
24/04/2026,332722368 - DEBIT CARD PURCHASE FEE 332722368,-4.9,-26355.13
24/04/2026,ENGEN MANKWE  Rustenburg 2026-04-23 - DEBIT CARD PURCHASE FROM ENGEN MANKWE  Rustenburg 2026-04-23,-500.0,-26350.23
23/04/2026,DR EFTPOS 2KC 2  0002984445252 - CREDIT CARD EFTPOS SETTLEMENT DR EFTPOS 2KC 2  0002984445252,510.0,-25850.23
23/04/2026,River Service Station  JHB 2026-04- - DEBIT CARD PURCHASE FROM River Service Station  JHB 2026-04-,-1658.2,-26360.23
22/04/2026,CR EFTPOS 2KC 2  0002974445252 - CREDIT CARD EFTPOS SETTLEMENT CR EFTPOS 2KC 2  0002974445252,400.0,-24702.03
22/04/2026,DR EFTPOS 2KC 2  0002974445252 - CREDIT CARD EFTPOS SETTLEMENT DR EFTPOS 2KC 2  0002974445252,850.0,-25102.03
22/04/2026, - FEE: PREPAID MOBILE PURCHASE ,-1.0,-25952.03
22/04/2026,VAS00213645639 VODA0636670821 - PREPAID MOBILE PURCHASE VAS00213645639 VODA0636670821,-165.0,-25951.03
22/04/2026,CRAZY PLASTIC 4278*0900 19 APR - CHEQUE CARD PURCHASE CRAZY PLASTIC 4278*0900 19 APR,-89.9,-25786.03
22/04/2026,FRONTLINE HYP 4278*0900 19 APR - CHEQUE CARD PURCHASE FRONTLINE HYP 4278*0900 19 APR,-345.9,-25696.13
22/04/2026,BESTCO LIFEST 4278*0900 19 APR - CHEQUE CARD PURCHASE BESTCO LIFEST 4278*0900 19 APR,-845.8,-25350.23
22/04/2026,PLANET NAILS 4278*0900 19 APR - CHEQUE CARD PURCHASE PLANET NAILS 4278*0900 19 APR,-314.0,-24504.43
21/04/2026,FASTWAY COURIERS - FEE: PAYMENT CONFIRM - EMAIL FASTWAY COURIERS,-0.8,-24190.43
21/04/2026,291375608 FASTWAY COURIERS - IMMEDIATE PAYMENT 291375608 FASTWAY COURIERS,-1150.0,-24189.63
21/04/2026,SHALOM PETRO WAS  RUSTENBURG 2026-0 - DEBIT CARD PURCHASE FROM SHALOM PETRO WAS  RUSTENBURG 2026-0,-1559.45,-23039.63
21/04/2026,ENGEN MANKWE  Rustenburg 2026-04-20 - DEBIT CARD PURCHASE FROM ENGEN MANKWE  Rustenburg 2026-04-20,-1046.3,-21480.18
20/04/2026,DR EFTPOS 2KC 2  0002964445252 - CREDIT CARD EFTPOS SETTLEMENT DR EFTPOS 2KC 2  0002964445252,1010.0,-20433.88
20/04/2026,CR EFTPOS 2KC 2  0002964445252 - CREDIT CARD EFTPOS SETTLEMENT CR EFTPOS 2KC 2  0002964445252,590.0,-21443.88
18/04/2026,CR EFTPOS 2KC 2  0002954445252 - CREDIT CARD EFTPOS SETTLEMENT CR EFTPOS 2KC 2  0002954445252,705.0,-22033.88
17/04/2026,DR EFTPOS 2KC 2  0002944445252 - CREDIT CARD EFTPOS SETTLEMENT DR EFTPOS 2KC 2  0002944445252,520.0,-22738.88
17/04/2026,CR EFTPOS 2KC 2  0002944445252 - CREDIT CARD EFTPOS SETTLEMENT CR EFTPOS 2KC 2  0002944445252,260.0,-23258.88
17/04/2026,VHH GROUP (PTY) LTD - CREDIT TRANSFER VHH GROUP (PTY) LTD,8588.99,-23518.88
17/04/2026,River Service Station  JHB 2026-04- - DEBIT CARD PURCHASE FROM River Service Station  JHB 2026-04-,-1750.15,-32107.87
17/04/2026,MANITO TOWING H100 - IB PAYMENT TO MANITO TOWING H100,-200.0,-30357.72
16/04/2026,CR EFTPOS 2KC 2  0002934445252 - CREDIT CARD EFTPOS SETTLEMENT CR EFTPOS 2KC 2  0002934445252,350.0,-30157.72
16/04/2026,DR EFTPOS 2KC 2  0002934445252 - CREDIT CARD EFTPOS SETTLEMENT DR EFTPOS 2KC 2  0002934445252,2740.0,-30507.72
16/04/2026,SHALOM PETRO WAS  RUSTENBURG 2026-0 - DEBIT CARD PURCHASE FROM SHALOM PETRO WAS  RUSTENBURG 2026-0,-974.4,-33247.72
16/04/2026,CNN KOREAN PARTS  9030  RUSTEN 2026 - DEBIT CARD PURCHASE FROM CNN KOREAN PARTS  9030  RUSTEN 2026,-460.0,-32273.32
15/04/2026,SHALOM PETRO WAS  RUSTENBURG 2026-0 - DEBIT CARD PURCHASE FROM SHALOM PETRO WAS  RUSTENBURG 2026-0,-1435.7,-31813.32
15/04/2026,LADYFANS 4278*0900 12 APR - CHEQUE CARD PURCHASE LADYFANS 4278*0900 12 APR,-1170.0,-30377.62
15/04/2026,FRONTLINE HYP 4278*0900 12 APR - CHEQUE CARD PURCHASE FRONTLINE HYP 4278*0900 12 APR,-79.9,-29207.62
14/04/2026,Plant Depot 4278*0900 11 APR - CHEQUE CARD PURCHASE Plant Depot 4278*0900 11 APR,-735.0,-29127.72
14/04/2026,BUILD IT PINE 4278*0900 11 APR - CHEQUE CARD PURCHASE BUILD IT PINE 4278*0900 11 APR,-169.95,-28392.72
14/04/2026,KISS AND MISS 4278*0900 12 APR - CHEQUE CARD PURCHASE KISS AND MISS 4278*0900 12 APR,-1486.0,-28222.77
13/04/2026,CR EFTPOS 2KC 2  0002924445252 - CREDIT CARD EFTPOS SETTLEMENT CR EFTPOS 2KC 2  0002924445252,1630.0,-26736.77
13/04/2026,DR EFTPOS 2KC 2  0002924445252 - CREDIT CARD EFTPOS SETTLEMENT DR EFTPOS 2KC 2  0002924445252,1690.0,-28366.77
13/04/2026, - FEE: PREPAID MOBILE PURCHASE ,-1.0,-30056.77
13/04/2026,VAS00210505300 VODA0636670821 - PREPAID MOBILE PURCHASE VAS00210505300 VODA0636670821,-55.0,-30055.77
13/04/2026,PLANET NAILS 4278*0900 10 APR - CHEQUE CARD PURCHASE PLANET NAILS 4278*0900 10 APR,-390.0,-30000.77
13/04/2026,River Service Station  JHB 2026-04- - DEBIT CARD PURCHASE FROM River Service Station  JHB 2026-04-,-1666.65,-29610.77
13/04/2026,MS S MAKWANYA SHEETS - IB PAYMENT TO MS S MAKWANYA SHEETS,-250.0,-27944.12
11/04/2026,NICOLE AND ZANDER - IB PAYMENT FROM NICOLE AND ZANDER,400.0,-27694.12
11/04/2026,CF WEEKLY PAYME62723431855 - REAL TIME TRANSFER FROM CF WEEKLY PAYME62723431855,7500.06,-28094.12
10/04/2026,CR EFTPOS 2KC 2  0002914445252 - CREDIT CARD EFTPOS SETTLEMENT CR EFTPOS 2KC 2  0002914445252,860.0,-35594.18
10/04/2026,DR EFTPOS 2KC 2  0002914445252 - CREDIT CARD EFTPOS SETTLEMENT DR EFTPOS 2KC 2  0002914445252,2250.0,-36454.18
10/04/2026,SHALOM PETRO WAS  RUSTENBURG 2026-0 - DEBIT CARD PURCHASE FROM SHALOM PETRO WAS  RUSTENBURG 2026-0,-1297.35,-38704.18
08/04/2026,DR EFTPOS 2KC 2  0002904445252 - CREDIT CARD EFTPOS SETTLEMENT DR EFTPOS 2KC 2  0002904445252,740.0,-37406.83
08/04/2026,CR EFTPOS 2KC 2  0002904445252 - CREDIT CARD EFTPOS SETTLEMENT CR EFTPOS 2KC 2  0002904445252,870.0,-38146.83
08/04/2026,SHALOM PETRO WAS  RUSTENBURG 2026-0 - DEBIT CARD PURCHASE FROM SHALOM PETRO WAS  RUSTENBURG 2026-0,-1485.9,-39016.83
08/04/2026,PETRO VAN DEN BERG - IB PAYMENT FROM PETRO VAN DEN BERG,460.0,-37530.93
07/04/2026,DR EFTPOS 2KC 2  0002894445252 - CREDIT CARD EFTPOS SETTLEMENT DR EFTPOS 2KC 2  0002894445252,325.0,-37990.93
07/04/2026,CR EFTPOS 2KC 2  0002894445252 - CREDIT CARD EFTPOS SETTLEMENT CR EFTPOS 2KC 2  0002894445252,470.0,-38315.93
07/04/2026,CAPITEC   A MOATSHE - CREDIT TRANSFER CAPITEC   A MOATSHE,200.0,-38785.93
07/04/2026,Capital reimbur - IB TRANSFER TO Capital reimbur,-12700.0,-38985.93
07/04/2026,SM KATANE H100 REPAIRS - IB PAYMENT TO SM KATANE H100 REPAIRS,-300.0,-26285.93
04/04/2026,DR EFTPOS 2KC 2  0002884445252 - CREDIT CARD EFTPOS SETTLEMENT DR EFTPOS 2KC 2  0002884445252,450.0,-25985.93
04/04/2026,CR EFTPOS 2KC 2  0002884445252 - CREDIT CARD EFTPOS SETTLEMENT CR EFTPOS 2KC 2  0002884445252,795.0,-26435.93
02/04/2026,MYAPPTMENTMY APPOINTMENTOPULEN - ACCOUNT PAYMENT MYAPPTMENTMY APPOINTMENTOPULEN,-560.0,-27230.93
02/04/2026,VHH GROUP (PTY) LTD - CREDIT TRANSFER VHH GROUP (PTY) LTD,9073.39,-26670.93
02/04/2026,SHALOM PETRO WAS  RUSTENBURG 2026-0 - DEBIT CARD PURCHASE FROM SHALOM PETRO WAS  RUSTENBURG 2026-0,-1666.3,-35744.32
01/04/2026,DR EFTPOS 2KC 2  0002874445252 - CREDIT CARD EFTPOS SETTLEMENT DR EFTPOS 2KC 2  0002874445252,4370.0,-34078.02
01/04/2026,CR EFTPOS 2KC 2  0002874445252 - CREDIT CARD EFTPOS SETTLEMENT CR EFTPOS 2KC 2  0002874445252,1070.0,-38448.02
01/04/2026,KGOLAENTLE COLLECTIONS - ELECTRONIC TRF - CREDIT CARD KGOLAENTLE COLLECTIONS,-1064.14,-39518.02
01/04/2026,MEULE VULSTASIE FC  BOSHOEK 2026-04 - DEBIT CARD PURCHASE FROM MEULE VULSTASIE FC  BOSHOEK 2026-04,-800.0,-38453.88
01/04/2026,PLANET NAILS 4278*0900 29 MAR - CHEQUE CARD PURCHASE PLANET NAILS 4278*0900 29 MAR,-520.0,-37653.88
01/04/2026,iK *Anthonys 4278*0900 28 MAR - CHEQUE CARD PURCHASE iK *Anthonys 4278*0900 28 MAR,-90.0,-37133.88
01/04/2026,Makro Streube 4278*0900 29 MAR - CHEQUE CARD PURCHASE Makro Streube 4278*0900 29 MAR,-165.0,-37043.88
01/04/2026,ALETTES RUSKS 4278*0900 28 MAR - CHEQUE CARD PURCHASE ALETTES RUSKS 4278*0900 28 MAR,-210.0,-36878.88
01/04/2026,C NYONI CHARLOTTE SA - IB PAYMENT TO C NYONI CHARLOTTE SA,-1103.0,-36668.88
01/04/2026,TRYNESS TEMBO - IB PAYMENT TO TRYNESS TEMBO,-823.0,-35565.88
01/04/2026,TUNNEL MANGOZVANA MS TUNNEL SA - IB PAYMENT TO TUNNEL MANGOZVANA MS TUNNEL SA,-8046.45,-34742.88
01/04/2026,IRENE SARIFO - IB PAYMENT TO IRENE SARIFO,-5732.5,-26696.43
01/04/2026,Capital Injec - IB TRANSFER FROM Capital Injec,12700.0,-20963.93
31/03/2026,0000000332722368 00068 R30.60 - FEE: MYUPDATES FOR BUSINESS 0000000332722368 00068 R30.60,-30.6,-33663.93
31/03/2026, - MONTHLY MANAGEMENT FEE ,-315.0,-33633.33
31/03/2026, - FEE: UNUSED FACILITY ,-18.91,-33318.33
31/03/2026, - OVERDRAFT SERVICE FEE ,-99.0,-33299.42
31/03/2026,#INTERNATIONAL4278193343490900 - BANK CHARGES #INTERNATIONAL4278193343490900,-7.87,-33200.42
31/03/2026, - FEE - DEBIT ORDER ,-20.0,-33192.55
31/03/2026,BDG/BUSINS819045252 APR 260331 - INSURANCE PREMIUM BDG/BUSINS819045252 APR 260331,-2989.45,-33172.55
31/03/2026, - FEE-CHEQ CARD PURCHASE ,-4.9,-30183.1
31/03/2026,BLING GIRL* 4278*0900 28 MAR - CHEQUE CARD PURCHASE BLING GIRL* 4278*0900 28 MAR,-156.0,-30178.2
31/03/2026, - FEE-CHEQ CARD PURCHASE ,-4.9,-30022.2
31/03/2026,RIDA CLOTHING 4278*0900 28 MAR - CHEQUE CARD PURCHASE RIDA CLOTHING 4278*0900 28 MAR,-450.0,-30017.3
31/03/2026, - FEE-CHEQ CARD PURCHASE ,-4.9,-29567.3
31/03/2026,DNH*GODADDY#4 4278*0900 28 MAR - CHEQUE CARD PURCHASE DNH*GODADDY#4 4278*0900 28 MAR,-286.35,-29562.4
31/03/2026,0663269512 04H24 319303270 - FEE - INSTANT MONEY 0663269512 04H24 319303270,-10.0,-29276.05
31/03/2026,0663269512 04H24 319303270 - CELLPHONE INSTANTMON CASH TO 0663269512 04H24 319303270,-350.0,-29266.05
31/03/2026,332722368 - FEE-ELECTRONIC ACCOUNT PAYMENT 332722368,-9.3,-28916.05
31/03/2026,THABANG JOHN MOREO TJ MOREO - IB PAYMENT TO THABANG JOHN MOREO TJ MOREO,-7000.0,-28906.75
30/03/2026,SEEFF JHB NORTH WEST - FEE: PAYMENT CONFIRM - EMAIL SEEFF JHB NORTH WEST,-0.8,-21906.75
30/03/2026, - FEE - DEBIT ORDER ,-20.0,-21905.95
30/03/2026,TAKEALOT  Takealot Seller Solu - DEBIT TRANSFER TAKEALOT  Takealot Seller Solu,-460.0,-21885.95
30/03/2026,332722368 - FEE-ELECTRONIC ACCOUNT PAYMENT 332722368,-9.3,-21425.95
30/03/2026,SEEFF JHB NORTH W OPULENT RENT - IB PAYMENT TO SEEFF JHB NORTH W OPULENT RENT,-16250.0,-21416.65
30/03/2026,332722368 - DEBIT CARD PURCHASE FEE 332722368,-4.9,-5166.65
30/03/2026,ASTRON ENERGY BOSCH ST  RUSTEN 2026 - DEBIT CARD PURCHASE FROM ASTRON ENERGY BOSCH ST  RUSTEN 2026,-1222.0,-5161.75
30/03/2026,MrPriceH Hend 4278*0900 27 MAR - CHEQUE CARD PURCHASE MrPriceH Hend 4278*0900 27 MAR,-399.98,-3939.75
28/03/2026,DR EFTPOS 2KC 2  0002864445252 - CREDIT CARD EFTPOS SETTLEMENT DR EFTPOS 2KC 2  0002864445252,1590.0,-3539.77
28/03/2026,CR EFTPOS 2KC 2  0002864445252 - CREDIT CARD EFTPOS SETTLEMENT CR EFTPOS 2KC 2  0002864445252,3390.0,-5129.77
27/03/2026,#INTERNATIONAL4278193343490900 - BANK CHARGES #INTERNATIONAL4278193343490900,-33.11,-8519.77
27/03/2026,Melissa - PAYSHAP PAYMENT FROM Melissa,1040.0,-8486.66
27/03/2026,DIRANG AIRCONDITIONING  Mogwas 2026 - DEBIT CARD PURCHASE FROM DIRANG AIRCONDITIONING  Mogwas 2026,-30.0,-9526.66
27/03/2026,SM KATANE H100 CAR SER - IB PAYMENT TO SM KATANE H100 CAR SER,-1500.0,-9496.66
27/03/2026,FACEBK *ZA4U6 4278*0900 26 MAR - CHEQUE CARD PURCHASE FACEBK *ZA4U6 4278*0900 26 MAR,-1203.97,-7996.66
27/03/2026,NETCASH071VHH GROUP (PTY) LTD - SALARY NETCASH071VHH GROUP (PTY) LTD,8037.66,-6792.69
26/03/2026,HPY*HAPPY MOTORS SPARE  Chanen 2026 - DEBIT CARD PURCHASE FROM HPY*HAPPY MOTORS SPARE  Chanen 2026,-380.0,-14830.35
26/03/2026, - FEE: PAYSHAP PAY BY PROXY ,-2.0,-14450.35
26/03/2026,H100 Roadside Assist - PAYSHAP PAY BY PROXY H100 Roadside Assist,-500.0,-14448.35
25/03/2026,DR EFTPOS 2KC 2  0002854445252 - CREDIT CARD EFTPOS SETTLEMENT DR EFTPOS 2KC 2  0002854445252,5800.0,-13948.35
25/03/2026,CR EFTPOS 2KC 2  0002854445252 - CREDIT CARD EFTPOS SETTLEMENT CR EFTPOS 2KC 2  0002854445252,1370.0,-19748.35
25/03/2026, - OVERDRAFT INTEREST ,-305.63,-21118.35
25/03/2026,UCOUNT - MEMBERSHIP FEE UCOUNT,-30.0,-20812.72
25/03/2026,BESTCO LIFEST 4278*0900 20 MAR - CHEQUE CARD PURCHASE BESTCO LIFEST 4278*0900 20 MAR,-169.9,-20782.72
25/03/2026,BWH STRUBENSV 4278*0900 23 MAR - CHEQUE CARD PURCHASE BWH STRUBENSV 4278*0900 23 MAR,-999.0,-20612.82
25/03/2026,BOTHO FILLING STATION  Rustenb 2026 - DEBIT CARD PURCHASE FROM BOTHO FILLING STATION  Rustenb 2026,-1320.05,-19613.82
23/03/2026, - FEE: PREPAID MOBILE PURCHASE ,-1.0,-18293.77
23/03/2026,VAS00202127687 VODA0636670821 - PREPAID MOBILE PURCHASE VAS00202127687 VODA0636670821,-165.0,-18292.77
20/03/2026,GLOBAL BOIKHUTSO FILLI  HAMMAR 2026 - DEBIT CARD PURCHASE FROM GLOBAL BOIKHUTSO FILLI  HAMMAR 2026,-1156.55,-18127.77
20/03/2026,CNN KOREAN PARTS  9030  RUSTEN 2026 - DEBIT CARD PURCHASE FROM CNN KOREAN PARTS  9030  RUSTEN 2026,-700.0,-16971.22
20/03/2026,NETCASH071VHH GROUP (PTY) LTD - SALARY NETCASH071VHH GROUP (PTY) LTD,7815.42,-16271.22
19/03/2026,VOX TELECOMMS VOIP LINE - IB PAYMENT TO VOX TELECOMMS VOIP LINE,-600.0,-24086.64
18/03/2026,Die Kraal Filling  Beestekraal 2026 - DEBIT CARD PURCHASE FROM Die Kraal Filling  Beestekraal 2026,-1036.45,-23486.64
18/03/2026,BLING GIRL* 4278*0900 15 MAR - CHEQUE CARD PURCHASE BLING GIRL* 4278*0900 15 MAR,-2064.0,-22450.19
18/03/2026,Makro Streube 4278*0900 15 MAR - CHEQUE CARD PURCHASE Makro Streube 4278*0900 15 MAR,-389.6,-20386.19
18/03/2026,CRAZY PLASTIC 4278*0900 14 MAR - CHEQUE CARD PURCHASE CRAZY PLASTIC 4278*0900 14 MAR,-299.9,-19996.59
17/03/2026,CLICKS KWENA 4278*0900 14 MAR - CHEQUE CARD PURCHASE CLICKS KWENA 4278*0900 14 MAR,-353.07,-19696.69
17/03/2026,Checkers Alle 4278*0900 14 MAR - CHEQUE CARD PURCHASE Checkers Alle 4278*0900 14 MAR,-193.95,-19343.62
16/03/2026,DR EFTPOS 2KC 2  0002844445252 - CREDIT CARD EFTPOS SETTLEMENT DR EFTPOS 2KC 2  0002844445252,2580.0,-19149.67
16/03/2026,CR EFTPOS 2KC 2  0002844445252 - CREDIT CARD EFTPOS SETTLEMENT CR EFTPOS 2KC 2  0002844445252,395.0,-21729.67
16/03/2026,ABSA BANK Chulumanco Mapapu - CREDIT TRANSFER ABSA BANK Chulumanco Mapapu,770.0,-22124.67
16/03/2026,SHALOM PETRO WAS  RUSTENBURG 2026-0 - DEBIT CARD PURCHASE FROM SHALOM PETRO WAS  RUSTENBURG 2026-0,-1218.9,-22894.67
16/03/2026,MR SM KATANE H100 SERVICE - IB PAYMENT TO MR SM KATANE H100 SERVICE,-600.0,-21675.77
14/03/2026,0651470062 14H46 316710343 - FEE - INSTANT MONEY 0651470062 14H46 316710343,-30.0,-21075.77
14/03/2026,0651470062 14H46 316710343 - CELLPHONE INSTANTMON CASH TO 0651470062 14H46 316710343,-1400.0,-21045.77
13/03/2026,CNN KOREAN PARTS  9030  RUSTEN 2026 - DEBIT CARD PURCHASE FROM CNN KOREAN PARTS  9030  RUSTEN 2026,-1635.0,-19645.77
13/03/2026,NETCASH071VHH GROUP (PTY) LTD - SALARY NETCASH071VHH GROUP (PTY) LTD,7828.42,-18010.77
12/03/2026,QS TRADING GAOYA F PATIO COUCH - IB PAYMENT TO QS TRADING GAOYA F PATIO COUCH,-6800.0,-25839.19
12/03/2026,Stock Capital - IB TRANSFER FROM Stock Capital,6800.0,-19039.19
11/03/2026,CR EFTPOS 2KC 2  0002834445252 - CREDIT CARD EFTPOS SETTLEMENT CR EFTPOS 2KC 2  0002834445252,2000.0,-25839.19
11/03/2026,DR EFTPOS 2KC 2  0002834445252 - CREDIT CARD EFTPOS SETTLEMENT DR EFTPOS 2KC 2  0002834445252,1810.0,-27839.19
11/03/2026,River Service Station  JHB 2026-03- - DEBIT CARD PURCHASE FROM River Service Station  JHB 2026-03-,-1202.3,-29649.19
10/03/2026,GLOBAL BOIKHUTSO FILLI  HAMMAR 2026 - DEBIT CARD PURCHASE FROM GLOBAL BOIKHUTSO FILLI  HAMMAR 2026,-1163.95,-28446.89
09/03/2026,MYAPPTMENTMY APPOINTMENTOPULEN - ACCOUNT PAYMENT MYAPPTMENTMY APPOINTMENTOPULEN,-560.0,-27282.94
09/03/2026,#INTERNATIONAL4278193343490900 - BANK CHARGES #INTERNATIONAL4278193343490900,-5.58,-26722.94
09/03/2026,WIX.COM 12284 4278*0900 07 MAR - CHEQUE CARD PURCHASE WIX.COM 12284 4278*0900 07 MAR,-203.08,-26717.36
06/03/2026,DR EFTPOS 2KC 2  0002824445252 - CREDIT CARD EFTPOS SETTLEMENT DR EFTPOS 2KC 2  0002824445252,1820.0,-26514.28
06/03/2026,CR EFTPOS 2KC 2  0002824445252 - CREDIT CARD EFTPOS SETTLEMENT CR EFTPOS 2KC 2  0002824445252,670.0,-28334.28
06/03/2026,VHH GROUP (PTY) LTD - CREDIT TRANSFER VHH GROUP (PTY) LTD,8589.76,-29004.28
06/03/2026,284726371 THABANG JOHN MOREO - IMMEDIATE PAYMENT 284726371 THABANG JOHN MOREO,-400.0,-37594.04
05/03/2026,CR EFTPOS 2KC 2  0002814445252 - CREDIT CARD EFTPOS SETTLEMENT CR EFTPOS 2KC 2  0002814445252,320.0,-37194.04
05/03/2026,DR EFTPOS 2KC 2  0002814445252 - CREDIT CARD EFTPOS SETTLEMENT DR EFTPOS 2KC 2  0002814445252,330.0,-37514.04
05/03/2026,Die Kraal Filling  Beestekraal 2026 - DEBIT CARD PURCHASE FROM Die Kraal Filling  Beestekraal 2026,-1020.0,-37844.04
04/03/2026,GAOYA FURNITU 4278*0900 28 FEB - CHEQUE CARD PURCHASE GAOYA FURNITU 4278*0900 28 FEB,-2400.0,-36824.04
03/03/2026,#INTERNATIONAL4278193343490900 - BANK CHARGES #INTERNATIONAL4278193343490900,-7.87,-34424.04
03/03/2026,Capital Reim - IB TRANSFER TO Capital Reim,-1000.0,-34416.17
03/03/2026,HPY*HAPPY MOTORS SPARE  Chanen 2026 - DEBIT CARD PURCHASE FROM HPY*HAPPY MOTORS SPARE  Chanen 2026,-380.0,-33416.17
03/03/2026,BLING GIRL* 4278*0900 28 FEB - CHEQUE CARD PURCHASE BLING GIRL* 4278*0900 28 FEB,-231.0,-33036.17
03/03/2026,DNH*GODADDY#4 4278*0900 28 FEB - CHEQUE CARD PURCHASE DNH*GODADDY#4 4278*0900 28 FEB,-286.35,-32805.17
03/03/2026,CRAZY PLASTIC 4278*0900 27 FEB - CHEQUE CARD PURCHASE CRAZY PLASTIC 4278*0900 27 FEB,-124.9,-32518.82
02/03/2026,DR EFTPOS 2KC 2  0002804445252 - CREDIT CARD EFTPOS SETTLEMENT DR EFTPOS 2KC 2  0002804445252,4760.0,-32393.92
02/03/2026,CR EFTPOS 2KC 2  0002804445252 - CREDIT CARD EFTPOS SETTLEMENT CR EFTPOS 2KC 2  0002804445252,1930.0,-37153.92
02/03/2026,KGOLAENTLE COLLECTIONS - ELECTRONIC TRF - CREDIT CARD KGOLAENTLE COLLECTIONS,-882.8,-39083.92
02/03/2026,TAKEALOT  Takealot Seller Solu - DEBIT TRANSFER TAKEALOT  Takealot Seller Solu,-506.0,-38201.12
02/03/2026,GLOBAL TLAYANG FILLING  TZANEE 2026 - DEBIT CARD PURCHASE FROM GLOBAL TLAYANG FILLING  TZANEE 2026,-1093.25,-37695.12
02/03/2026,Capital Inject - IB TRANSFER FROM Capital Inject,1000.0,-36601.87
02/03/2026,MULTIPLE HUB 4278*0900 27 FEB - CHEQUE CARD PURCHASE MULTIPLE HUB 4278*0900 27 FEB,-95.0,-37601.87
28/02/2026,0000000332722368 00071 R31.95 - FEE: MYUPDATES FOR BUSINESS 0000000332722368 00071 R31.95,-31.95,-37506.87
28/02/2026,SEEFF JHB NORTH WEST - FEE: PAYMENT CONFIRM - EMAIL SEEFF JHB NORTH WEST,-0.8,-37474.92
28/02/2026, - MONTHLY MANAGEMENT FEE ,-315.0,-37474.12
28/02/2026, - FEE: UNUSED FACILITY ,-27.57,-37159.12
28/02/2026, - OVERDRAFT SERVICE FEE ,-99.0,-37131.55
28/02/2026, - FEE - DEBIT ORDER ,-20.0,-37032.55
28/02/2026,BDG/BUSINS819045252 MAR 260228 - INSURANCE PREMIUM BDG/BUSINS819045252 MAR 260228,-2989.45,-37012.55
28/02/2026,332722368 - FEE-ELECTRONIC ACCOUNT PAYMENT 332722368,-9.3,-34023.1
28/02/2026,TUNNEL MANGOZVANA MS TUNNEL SA - IB PAYMENT TO TUNNEL MANGOZVANA MS TUNNEL SA,-6539.0,-34013.8
28/02/2026,332722368 - FEE-ELECTRONIC ACCOUNT PAYMENT 332722368,-9.3,-27474.8
28/02/2026,TRYNESS TEMBO - IB PAYMENT TO TRYNESS TEMBO,-2024.25,-27465.5
28/02/2026,332722368 - FEE-ELECTRONIC ACCOUNT PAYMENT 332722368,-9.3,-25441.25
28/02/2026,IRENE SARIFO - IB PAYMENT TO IRENE SARIFO,-3602.5,-25431.95
28/02/2026,332722368 - FEE-ELECTRONIC ACCOUNT PAYMENT 332722368,-9.3,-21829.45
28/02/2026,C NYONI CHARLOTTE SA - IB PAYMENT TO C NYONI CHARLOTTE SA,-3758.0,-21820.15
28/02/2026, - FEE IMMEDIATE PAYMENT ,-45.0,-18062.15
28/02/2026,283795589 SEEFF JHB NORTH WEST - IMMEDIATE PAYMENT 283795589 SEEFF JHB NORTH WEST,-15500.0,-18017.15
27/02/2026,#INTERNATIONAL4278193343490900 - BANK CHARGES #INTERNATIONAL4278193343490900,-36.38,-2517.15
27/02/2026,VHH GROUP (PTY) LTD - CREDIT TRANSFER VHH GROUP (PTY) LTD,7469.99,-2480.77
27/02/2026,283678180 THABANG JOHN MOREO - IMMEDIATE PAYMENT 283678180 THABANG JOHN MOREO,-7000.0,-9950.76
27/02/2026, - FEE-CHEQ CARD PURCHASE ,-4.9,-2950.76
27/02/2026,FACEBK *M5TF9 4278*0900 26 FEB - CHEQUE CARD PURCHASE FACEBK *M5TF9 4278*0900 26 FEB,-1322.94,-2945.86
26/02/2026,332722368 - DEBIT CARD PURCHASE FEE 332722368,-4.9,-1622.92
26/02/2026,SHALOM PETRO WAS  RUSTENBURG 2026-0 - DEBIT CARD PURCHASE FROM SHALOM PETRO WAS  RUSTENBURG 2026-0,-1059.85,-1618.02
25/02/2026, - OVERDRAFT INTEREST ,-183.12,-558.17
25/02/2026,UCOUNT - MEMBERSHIP FEE UCOUNT,-30.0,-375.05
25/02/2026, - FEE-CHEQ CARD PURCHASE ,-4.9,-345.05
25/02/2026,AB STORE 1 4278*0900 21 FEB - CHEQUE CARD PURCHASE AB STORE 1 4278*0900 21 FEB,-210.0,-340.15
25/02/2026, - FEE-CHEQ CARD PURCHASE ,-4.9,-130.15
25/02/2026,AB STORE 1 4278*0900 21 FEB - CHEQUE CARD PURCHASE AB STORE 1 4278*0900 21 FEB,-400.0,-125.25
25/02/2026, - FEE-CHEQ CARD PURCHASE ,-4.9,274.75
25/02/2026,GAOYA FURNITU 4278*0900 21 FEB - CHEQUE CARD PURCHASE GAOYA FURNITU 4278*0900 21 FEB,-260.0,279.65
25/02/2026, - FEE-CHEQ CARD PURCHASE ,-4.9,539.65
25/02/2026,SHOP 26C CHIN 4278*0900 21 FEB - CHEQUE CARD PURCHASE SHOP 26C CHIN 4278*0900 21 FEB,-982.0,544.55
24/02/2026,DR EFTPOS 2KC 2  0002794445252 - CREDIT CARD EFTPOS SETTLEMENT DR EFTPOS 2KC 2  0002794445252,2830.0,1526.55
24/02/2026,CR EFTPOS 2KC 2  0002794445252 - CREDIT CARD EFTPOS SETTLEMENT CR EFTPOS 2KC 2  0002794445252,1520.0,-1303.45
24/02/2026, - FEE-CHEQ CARD PURCHASE ,-4.9,-2823.45
24/02/2026,S2S*PartyGift 4278*0900 21 FEB - CHEQUE CARD PURCHASE S2S*PartyGift 4278*0900 21 FEB,-169.0,-2818.55
24/02/2026, - FEE-CHEQ CARD PURCHASE ,-4.9,-2649.55
24/02/2026,PLANET NAILS 4278*0900 20 FEB - CHEQUE CARD PURCHASE PLANET NAILS 4278*0900 20 FEB,-390.0,-2644.65
24/02/2026, - FEE-CHEQ CARD PURCHASE ,-4.9,-2254.65
24/02/2026,JULLIE BEAUTY 4278*0900 21 FEB - CHEQUE CARD PURCHASE JULLIE BEAUTY 4278*0900 21 FEB,-156.0,-2249.75
24/02/2026, - FEE-CHEQ CARD PURCHASE ,-4.9,-2093.75
24/02/2026,KISS AND MISS 4278*0900 21 FEB - CHEQUE CARD PURCHASE KISS AND MISS 4278*0900 21 FEB,-2171.0,-2088.85
23/02/2026,332722368 - DEBIT CARD PURCHASE FEE 332722368,-4.9,82.15
23/02/2026,ENGEN SUN CITY  Sun City 2026-02-23 - DEBIT CARD PURCHASE FROM ENGEN SUN CITY  Sun City 2026-02-23,-1299.6,87.05
20/02/2026,Thuli - PAYSHAP PAYMENT FROM Thuli,400.0,1386.65
20/02/2026, - FEE: PREPAID MOBILE PURCHASE ,-1.0,986.65
20/02/2026,VODACOM 0636670821 - PREPAID MOBILE PURCHASE VODACOM 0636670821,-165.0,987.65
20/02/2026,NETCASH071VHH GROUP (PTY) LTD - SALARY NETCASH071VHH GROUP (PTY) LTD,8465.56,1152.65
20/02/2026,River Service Station  JHB 2026-02- - DEBIT CARD PURCHASE FROM River Service Station  JHB 2026-02-,-1181.9,-7312.91
18/02/2026,CR EFTPOS 2KC 2  0002784445252 - CREDIT CARD EFTPOS SETTLEMENT CR EFTPOS 2KC 2  0002784445252,710.0,-6131.01
18/02/2026,DR EFTPOS 2KC 2  0002784445252 - CREDIT CARD EFTPOS SETTLEMENT DR EFTPOS 2KC 2  0002784445252,3230.0,-6841.01
18/02/2026,BESTCO LIFEST 4278*0900 15 FEB - CHEQUE CARD PURCHASE BESTCO LIFEST 4278*0900 15 FEB,-339.9,-10071.01
18/02/2026,GLOBAL BOIKHUTSO FILLI  HAMMAR 2026 - DEBIT CARD PURCHASE FROM GLOBAL BOIKHUTSO FILLI  HAMMAR 2026,-1124.5,-9731.11
17/02/2026,BESTCO LIFEST 4278*0900 13 FEB - CHEQUE CARD PURCHASE BESTCO LIFEST 4278*0900 13 FEB,-18.0,-8606.61
17/02/2026,BESTCO LIFEST 4278*0900 13 FEB - CHEQUE CARD PURCHASE BESTCO LIFEST 4278*0900 13 FEB,-123.9,-8588.61
16/02/2026,SuperSpar Rui 4278*0900 13 FEB - CHEQUE CARD PURCHASE SuperSpar Rui 4278*0900 13 FEB,-275.37,-8464.71
13/02/2026,DR EFTPOS 2KC 2  0002774445252 - CREDIT CARD EFTPOS SETTLEMENT DR EFTPOS 2KC 2  0002774445252,1010.0,-8189.34
13/02/2026,CR EFTPOS 2KC 2  0002774445252 - CREDIT CARD EFTPOS SETTLEMENT CR EFTPOS 2KC 2  0002774445252,1160.0,-9199.34
13/02/2026, - FEE: ANNUAL REVIEW ,-485.0,-10359.34
13/02/2026,ENGEN MANKWE  Rustenburg 2026-02-13 - DEBIT CARD PURCHASE FROM ENGEN MANKWE  Rustenburg 2026-02-13,-1329.7,-9874.34
13/02/2026,NETCASH071VHH GROUP (PTY) LTD - SALARY NETCASH071VHH GROUP (PTY) LTD,6995.69,-8544.64
12/02/2026,ABSA BANK Chulumanco Mapapu - CREDIT TRANSFER ABSA BANK Chulumanco Mapapu,530.0,-15540.33
11/02/2026,DR EFTPOS 2KC 2  0002764445252 - CREDIT CARD EFTPOS SETTLEMENT DR EFTPOS 2KC 2  0002764445252,110.0,-16070.33
11/02/2026,LESEDI MASOKO MASSAGE BED - IB PAYMENT TO LESEDI MASOKO MASSAGE BED,-900.0,-16180.33
11/02/2026,SHALOM PETRO WAS  RUSTENBURG 2026-0 - DEBIT CARD PURCHASE FROM SHALOM PETRO WAS  RUSTENBURG 2026-0,-974.05,-15280.33
10/02/2026,DR EFTPOS 2KC 2  0002754445252 - CREDIT CARD EFTPOS SETTLEMENT DR EFTPOS 2KC 2  0002754445252,780.0,-14306.28
10/02/2026,CR EFTPOS 2KC 2  0002754445252 - CREDIT CARD EFTPOS SETTLEMENT CR EFTPOS 2KC 2  0002754445252,360.0,-15086.28
10/02/2026,PLANET NAILS 4278*0900 06 FEB - CHEQUE CARD PURCHASE PLANET NAILS 4278*0900 06 FEB,-129.0,-15446.28
09/02/2026,CR EFTPOS 2KC 2  0002744445252 - CREDIT CARD EFTPOS SETTLEMENT CR EFTPOS 2KC 2  0002744445252,770.0,-15317.28
09/02/2026,DR EFTPOS 2KC 2  0002744445252 - CREDIT CARD EFTPOS SETTLEMENT DR EFTPOS 2KC 2  0002744445252,1120.0,-16087.28
09/02/2026,#INTERNATIONAL4278193343490900 - BANK CHARGES #INTERNATIONAL4278193343490900,-5.45,-17207.28
09/02/2026,ValueCo Clear 4278*0900 06 FEB - CHEQUE CARD PURCHASE ValueCo Clear 4278*0900 06 FEB,-630.34,-17201.83
09/02/2026,WIX.COM 12232 4278*0900 07 FEB - CHEQUE CARD PURCHASE WIX.COM 12232 4278*0900 07 FEB,-198.13,-16571.49
07/02/2026,DR EFTPOS 2KC 2  0002734445252 - CREDIT CARD EFTPOS SETTLEMENT DR EFTPOS 2KC 2  0002734445252,3960.0,-16373.36
07/02/2026,CR EFTPOS 2KC 2  0002734445252 - CREDIT CARD EFTPOS SETTLEMENT CR EFTPOS 2KC 2  0002734445252,2540.0,-20333.36
07/02/2026,#INTERNATIONAL4278193343490900 - BANK CHARGES #INTERNATIONAL4278193343490900,-5.63,-22873.36
07/02/2026,#INTERNATIONAL4278193343490900 - BANK CHARGES #INTERNATIONAL4278193343490900,-2.81,-22867.73
07/02/2026,River Service Station  JHB 2026-02- - DEBIT CARD PURCHASE FROM River Service Station  JHB 2026-02-,-1320.3,-22864.92
07/02/2026,DNH*GODADDY#4 4278*0900 05 FEB - CHEQUE CARD PURCHASE DNH*GODADDY#4 4278*0900 05 FEB,-204.7,-21544.62
07/02/2026,DNH*GODADDY#4 4278*0900 05 FEB - CHEQUE CARD PURCHASE DNH*GODADDY#4 4278*0900 05 FEB,-102.35,-21339.92
06/02/2026,#INTERNATIONAL4278193343490900 - BANK CHARGES #INTERNATIONAL4278193343490900,-7.87,-21237.57
06/02/2026,VHH GROUP (PTY)1219408263 - REAL TIME TRANSFER FROM VHH GROUP (PTY)1219408263,9901.91,-21229.7
06/02/2026,DNH*GODADDY#4 4278*0900 03 FEB - CHEQUE CARD PURCHASE DNH*GODADDY#4 4278*0900 03 FEB,-286.35,-31131.61
05/02/2026,#INTERNATIONAL4278193343490900 - BANK CHARGES #INTERNATIONAL4278193343490900,-2.4,-30845.26
05/02/2026,ZUKA DEP REFUND - MAGTAPE CREDIT ZUKA DEP REFUND,7835.0,-30842.86
05/02/2026,SHALOM PETRO WAS  RUSTENBURG 2026-0 - DEBIT CARD PURCHASE FROM SHALOM PETRO WAS  RUSTENBURG 2026-0,-1126.4,-38677.86
05/02/2026,FACEBK *AD6XW 4278*0900 04 FEB - CHEQUE CARD PURCHASE FACEBK *AD6XW 4278*0900 04 FEB,-87.32,-37551.46
04/02/2026,PLANET NAILS 4278*0900 31 JAN - CHEQUE CARD PURCHASE PLANET NAILS 4278*0900 31 JAN,-805.0,-37464.14
04/02/2026,CRAZY PLASTIC 4278*0900 31 JAN - CHEQUE CARD PURCHASE CRAZY PLASTIC 4278*0900 31 JAN,-579.9,-36659.14
04/02/2026,CRAZY PLASTIC 4278*0900 01 FEB - CHEQUE CARD PURCHASE CRAZY PLASTIC 4278*0900 01 FEB,-249.9,-36079.24
04/02/2026,HPY*Z & I CUR 4278*0900 31 JAN - CHEQUE CARD PURCHASE HPY*Z & I CUR 4278*0900 31 JAN,-2650.0,-35829.34
04/02/2026,HYPERLAND HIL 4278*0900 01 FEB - CHEQUE CARD PURCHASE HYPERLAND HIL 4278*0900 01 FEB,-1218.7,-33179.34
04/02/2026,PLANET NAILS 4278*0900 01 FEB - CHEQUE CARD PURCHASE PLANET NAILS 4278*0900 01 FEB,-209.0,-31960.64
04/02/2026,Makro Streube 4278*0900 01 FEB - CHEQUE CARD PURCHASE Makro Streube 4278*0900 01 FEB,-560.0,-31751.64
04/02/2026,Makro Streube 4278*0900 01 FEB - CHEQUE CARD PURCHASE Makro Streube 4278*0900 01 FEB,-182.9,-31191.64
04/02/2026,CURTAIN STUDI 4278*0900 31 JAN - CHEQUE CARD PURCHASE CURTAIN STUDI 4278*0900 31 JAN,-200.0,-31008.74
03/02/2026,GLASFIT RUSTENBURG  RUSTENBURG 2026 - DEBIT CARD PURCHASE FROM GLASFIT RUSTENBURG  RUSTENBURG 2026,-1100.0,-30808.74
03/02/2026,ASHAR ALI INV 4278*0900 31 JAN - CHEQUE CARD PURCHASE ASHAR ALI INV 4278*0900 31 JAN,-3000.0,-29708.74
03/02/2026,BWH STRUBENSV 4278*0900 01 FEB - CHEQUE CARD PURCHASE BWH STRUBENSV 4278*0900 01 FEB,-1099.2,-26708.74
03/02/2026,KFC Koormia S 4278*0900 30 JAN - CHEQUE CARD PURCHASE KFC Koormia S 4278*0900 30 JAN,-325.4,-25609.54
03/02/2026,I Makro Onlin 4278*0900 01 FEB - CHEQUE CARD PURCHASE I Makro Onlin 4278*0900 01 FEB,-198.0,-25284.14
03/02/2026,ENGEN MANKWE  Rustenburg 2026-02-02 - DEBIT CARD PURCHASE FROM ENGEN MANKWE  Rustenburg 2026-02-02,-1339.1,-25086.14
02/02/2026,CR EFTPOS 2KC 2  0002724445252 - CREDIT CARD EFTPOS SETTLEMENT CR EFTPOS 2KC 2  0002724445252,1150.0,-23747.04
02/02/2026,DR EFTPOS 2KC 2  0002724445252 - CREDIT CARD EFTPOS SETTLEMENT DR EFTPOS 2KC 2  0002724445252,1450.0,-24897.04
02/02/2026,KGOLAENTLE COLLECTIONS - ELECTRONIC TRF - CREDIT CARD KGOLAENTLE COLLECTIONS,-1178.51,-26347.04
02/02/2026,MYAPPTMENTMY APPOINTMENTOPULEN - ACCOUNT PAYMENT MYAPPTMENTMY APPOINTMENTOPULEN,-560.0,-25168.53
31/01/2026,0000000332722368 00071 R31.95 - FEE: MYUPDATES FOR BUSINESS 0000000332722368 00071 R31.95,-31.95,-24608.53
31/01/2026, - MONTHLY MANAGEMENT FEE ,-315.0,-24576.58
31/01/2026, - FEE: UNUSED FACILITY ,-26.52,-24261.58
31/01/2026, - OVERDRAFT SERVICE FEE ,-99.0,-24235.06
31/01/2026,BDG/BUSINS819045252 FEB 260131 - INSURANCE PREMIUM BDG/BUSINS819045252 FEB 260131,-2989.45,-24136.06
31/01/2026, - FEE: PAYSHAP PAY BY PROXY ,-2.0,-21146.61
31/01/2026,TshepiBrown Refund - PAYSHAP PAY BY PROXY TshepiBrown Refund,-190.0,-21144.61
31/01/2026,TRYNESS TEMBO - IB PAYMENT TO TRYNESS TEMBO,-1349.5,-20954.61
31/01/2026,IRENE SARIFO - IB PAYMENT TO IRENE SARIFO,-4744.5,-19605.11
31/01/2026,TUNNEL MANGOZVANA MS TUNNEL SA - IB PAYMENT TO TUNNEL MANGOZVANA MS TUNNEL SA,-8083.0,-14860.61
31/01/2026,C NYONI CHARLOTTE SA - IB PAYMENT TO C NYONI CHARLOTTE SA,-3862.5,-6777.61
31/01/2026, - FEE IMMEDIATE PAYMENT ,-45.0,-2915.11
31/01/2026,279704768 THABANG JOHN MOREO - IMMEDIATE PAYMENT 279704768 THABANG JOHN MOREO,-7000.0,-2870.11
30/01/2026,DR EFTPOS 2KC 2  0002714445252 - CREDIT CARD EFTPOS SETTLEMENT DR EFTPOS 2KC 2  0002714445252,2000.0,4129.89
30/01/2026,CR EFTPOS 2KC 2  0002714445252 - CREDIT CARD EFTPOS SETTLEMENT CR EFTPOS 2KC 2  0002714445252,550.0,2129.89
30/01/2026,#INTERNATIONAL4278193343490900 - BANK CHARGES #INTERNATIONAL4278193343490900,-9.15,1579.89
30/01/2026, - FEE IMMEDIATE PAYMENT ,-45.0,1589.04
30/01/2026,279609006 VOX TELECOMMS - IMMEDIATE PAYMENT 279609006 VOX TELECOMMS,-500.0,1634.04
30/01/2026,VHH GROUP (PTY)1219408263 - REAL TIME TRANSFER FROM VHH GROUP (PTY)1219408263,8231.59,2134.04
30/01/2026,DNH*GODADDY#4 4278*0900 28 JAN - CHEQUE CARD PURCHASE DNH*GODADDY#4 4278*0900 28 JAN,-332.75,-6097.55
29/01/2026,TAKEALOT  Takealot Seller Solu - DEBIT TRANSFER TAKEALOT  Takealot Seller Solu,-466.9,-5764.8
29/01/2026,SHALOM PETRO WAS  RUSTENBURG 2026-0 - DEBIT CARD PURCHASE FROM SHALOM PETRO WAS  RUSTENBURG 2026-0,-1130.6,-5297.9
27/01/2026,DR EFTPOS 2KC 2  0002704445252 - CREDIT CARD EFTPOS SETTLEMENT DR EFTPOS 2KC 2  0002704445252,4620.0,-4167.3
27/01/2026,CR EFTPOS 2KC 2  0002704445252 - CREDIT CARD EFTPOS SETTLEMENT CR EFTPOS 2KC 2  0002704445252,3110.0,-8787.3
26/01/2026,UCOUNT - MEMBERSHIP FEE UCOUNT,-30.0,-11897.3
26/01/2026,ENGEN MANKWE  Rustenburg 2026-01-26 - DEBIT CARD PURCHASE FROM ENGEN MANKWE  Rustenburg 2026-01-26,-1281.1,-11867.3
26/01/2026, - FEE IMMEDIATE PAYMENT ,-45.0,-10586.2
26/01/2026,278874755 CIPC - IMMEDIATE PAYMENT 278874755 CIPC,-400.0,-10541.2
24/01/2026, - OVERDRAFT INTEREST ,-215.7,-10141.2
23/01/2026,DR EFTPOS 2KC 2  0002694445252 - CREDIT CARD EFTPOS SETTLEMENT DR EFTPOS 2KC 2  0002694445252,2180.0,-9925.5
23/01/2026,CR EFTPOS 2KC 2  0002694445252 - CREDIT CARD EFTPOS SETTLEMENT CR EFTPOS 2KC 2  0002694445252,2090.0,-12105.5
23/01/2026,NETCASH071VHH GROUP (PTY) LTD - SALARY NETCASH071VHH GROUP (PTY) LTD,9064.56,-14195.5
23/01/2026,BP RIVER SERVICE STATIO  MOGWA 2026 - DEBIT CARD PURCHASE FROM BP RIVER SERVICE STATIO  MOGWA 2026,-1256.3,-23260.06
21/01/2026,TRAFFIC DEPARTMENT  RUSTENBURG 2026 - DEBIT CARD PURCHASE FROM TRAFFIC DEPARTMENT  RUSTENBURG 2026,-1120.0,-22003.76
21/01/2026, - FEE: PREPAID MOBILE PURCHASE ,-1.0,-20883.76
21/01/2026,VAS00179449243 VODA0636670821 - PREPAID MOBILE PURCHASE VAS00179449243 VODA0636670821,-165.0,-20882.76
21/01/2026,CRAZY PLASTIC 4278*0900 18 JAN - CHEQUE CARD PURCHASE CRAZY PLASTIC 4278*0900 18 JAN,-399.9,-20717.76
21/01/2026,WIMPY LANSERI 4278*0900 18 JAN - CHEQUE CARD PURCHASE WIMPY LANSERI 4278*0900 18 JAN,-1578.3,-20317.86
21/01/2026,Dischem Clear 4278*0900 18 JAN - CHEQUE CARD PURCHASE Dischem Clear 4278*0900 18 JAN,-195.98,-18739.56
20/01/2026,SEEFF JHB NORTH WEST - FEE: PAYMENT CONFIRM - EMAIL SEEFF JHB NORTH WEST,-0.8,-18543.58
20/01/2026,GLOBAL TLAYANG FILLING  TZANEE 2026 - DEBIT CARD PURCHASE FROM GLOBAL TLAYANG FILLING  TZANEE 2026,-1159.95,-18542.78
20/01/2026, - FEE IMMEDIATE PAYMENT ,-45.0,-17382.83
20/01/2026,277990200 SEEFF JHB NORTH WEST - IMMEDIATE PAYMENT 277990200 SEEFF JHB NORTH WEST,-8825.0,-17337.83
20/01/2026,Checkers Alle 4278*0900 18 JAN - CHEQUE CARD PURCHASE Checkers Alle 4278*0900 18 JAN,-259.94,-8512.83
19/01/2026,DR EFTPOS 2KC 2  0002684445252 - CREDIT CARD EFTPOS SETTLEMENT DR EFTPOS 2KC 2  0002684445252,2660.0,-8252.89
19/01/2026,CR EFTPOS 2KC 2  0002684445252 - CREDIT CARD EFTPOS SETTLEMENT CR EFTPOS 2KC 2  0002684445252,2510.0,-10912.89
19/01/2026, - FEE: ELECTRICITY PURCHASE ,-1.6,-13422.89
19/01/2026,VAS00178886718 - ELECTRICITY PURCHASE VAS00178886718,-100.0,-13421.29
19/01/2026, - FEE: PAYSHAP PAY BY PROXY ,-2.0,-13321.29
19/01/2026,Truck Service - PAYSHAP PAY BY PROXY Truck Service,-650.0,-13319.29
17/01/2026, - FEE: PREPAID MOBILE PURCHASE ,-1.0,-12669.29
17/01/2026,VAS00178381731 VODA0824978565 - PREPAID MOBILE PURCHASE VAS00178381731 VODA0824978565,-12.0,-12668.29
16/01/2026,SHALOM PETRO WAS  RUSTENBURG 2026-0 - DEBIT CARD PURCHASE FROM SHALOM PETRO WAS  RUSTENBURG 2026-0,-1277.95,-12656.29
16/01/2026,NETCASH071VHH GROUP (PTY) LTD - SALARY NETCASH071VHH GROUP (PTY) LTD,8499.42,-11378.34
15/01/2026,CIPC 4278*0900 12 JAN - CHEQUE CARD PURCHASE CIPC 4278*0900 12 JAN,-200.0,-19877.76
15/01/2026,CIPC 4278*0900 12 JAN - CHEQUE CARD PURCHASE CIPC 4278*0900 12 JAN,-1200.0,-19677.76
14/01/2026, - REVERSAL OF OVERDRAFT SERVICE FEE ,9.0,-18477.76
14/01/2026,BESTCO LIFEST 4278*0900 10 JAN - CHEQUE CARD PURCHASE BESTCO LIFEST 4278*0900 10 JAN,-241.9,-18486.76
13/01/2026,CR EFTPOS 2KC 2  0002674445252 - CREDIT CARD EFTPOS SETTLEMENT CR EFTPOS 2KC 2  0002674445252,2430.0,-18244.86
13/01/2026,DR EFTPOS 2KC 2  0002674445252 - CREDIT CARD EFTPOS SETTLEMENT DR EFTPOS 2KC 2  0002674445252,4800.0,-20674.86
13/01/2026,River Service Station  JHB 2026-01- - DEBIT CARD PURCHASE FROM River Service Station  JHB 2026-01-,-1248.85,-25474.86
12/01/2026,PAT - MAGTAPE CREDIT PAT,390.0,-24226.01
10/01/2026,CR EFTPOS 2KC 2  0002664445252 - CREDIT CARD EFTPOS SETTLEMENT CR EFTPOS 2KC 2  0002664445252,270.0,-24616.01
10/01/2026,DR EFTPOS 2KC 2  0002664445252 - CREDIT CARD EFTPOS SETTLEMENT DR EFTPOS 2KC 2  0002664445252,420.0,-24886.01
09/01/2026,DR EFTPOS 2KC 2  0002654445252 - CREDIT CARD EFTPOS SETTLEMENT DR EFTPOS 2KC 2  0002654445252,670.0,-25306.01
09/01/2026,CR EFTPOS 2KC 2  0002654445252 - CREDIT CARD EFTPOS SETTLEMENT CR EFTPOS 2KC 2  0002654445252,860.0,-25976.01
09/01/2026,VHH GROUP (PTY) LTD - CREDIT TRANSFER VHH GROUP (PTY) LTD,7356.99,-26836.01
09/01/2026,SHELL SAULSPOORT  Rustenburg 2026-0 - DEBIT CARD PURCHASE FROM SHELL SAULSPOORT  Rustenburg 2026-0,-1259.6,-34193.0
09/01/2026,KATLEGO TAU - IB PAYMENT FROM KATLEGO TAU,410.0,-32933.4
08/01/2026,#INTERNATIONAL4278193343490900 - BANK CHARGES #INTERNATIONAL4278193343490900,-5.45,-33343.4
08/01/2026,WIX.COM 4278*0900 07 JAN - CHEQUE CARD PURCHASE WIX.COM 4278*0900 07 JAN,-198.01,-33337.95
07/01/2026,D NTSHODISHANE - PAYSHAP PAYMENT FROM D NTSHODISHANE,540.0,-33139.94
07/01/2026,FM BEESTEKRAAL  RUSTENBURG 2026-01- - DEBIT CARD PURCHASE FROM FM BEESTEKRAAL  RUSTENBURG 2026-01-,-1246.45,-33679.94
06/01/2026,DR EFTPOS 2KC 2  0002644445252 - CREDIT CARD EFTPOS SETTLEMENT DR EFTPOS 2KC 2  0002644445252,1160.0,-32433.49
06/01/2026,CR EFTPOS 2KC 2  0002644445252 - CREDIT CARD EFTPOS SETTLEMENT CR EFTPOS 2KC 2  0002644445252,550.0,-33593.49
06/01/2026,PLANET NAILS 4278*0900 02 JAN - CHEQUE CARD PURCHASE PLANET NAILS 4278*0900 02 JAN,-1270.0,-34143.49
06/01/2026,BESTCO LIFEST 4278*0900 02 JAN - CHEQUE CARD PURCHASE BESTCO LIFEST 4278*0900 02 JAN,-194.8,-32873.49
05/01/2026,DR EFTPOS 2KC 2  0002634445252 - CREDIT CARD EFTPOS SETTLEMENT DR EFTPOS 2KC 2  0002634445252,1710.0,-32678.69
05/01/2026,SEEFF JHB NORTH WEST - FEE: PAYMENT CONFIRM - EMAIL SEEFF JHB NORTH WEST,-0.8,-34388.69
05/01/2026,GLOBAL TLAYANG FILLING  TZANEE 2026 - DEBIT CARD PURCHASE FROM GLOBAL TLAYANG FILLING  TZANEE 2026,-1258.4,-34387.89
05/01/2026,IRENE SARIFO - IB PAYMENT TO IRENE SARIFO,-424.5,-33129.49
05/01/2026,275868190 Seeff JHB North West - IMMEDIATE PAYMENT 275868190 Seeff JHB North West,-26000.0,-32704.99
05/01/2026,RTMC 4278*0900 02 JAN - CHEQUE CARD PURCHASE RTMC 4278*0900 02 JAN,-483.0,-6704.99
05/01/2026,Dischem Strub 4278*0900 02 JAN - CHEQUE CARD PURCHASE Dischem Strub 4278*0900 02 JAN,-339.05,-6221.99
05/01/2026,BLING GIRL* 4278*0900 02 JAN - CHEQUE CARD PURCHASE BLING GIRL* 4278*0900 02 JAN,-186.0,-5882.94
03/01/2026,CF WEEKLY PAYME62723431855 - REAL TIME TRANSFER FROM CF WEEKLY PAYME62723431855,8879.49,-5696.94
03/01/2026,BESTCO LIFEST 4278*0900 30 DEC - CHEQUE CARD PURCHASE BESTCO LIFEST 4278*0900 30 DEC,-127.49,-14576.43
02/01/2026,KGOLAENTLE COLLECTIONS - ELECTRONIC TRF - CREDIT CARD KGOLAENTLE COLLECTIONS,-1944.23,-14448.94
31/12/2025,0000000332722368 00085 R42.50 - FEE: MYUPDATES FOR BUSINESS 0000000332722368 00085 R42.50,-42.5,-12504.71
31/12/2025, - MONTHLY MANAGEMENT FEE ,-300.0,-12462.21
31/12/2025, - FEE: UNUSED FACILITY ,-34.43,-12162.21
31/12/2025, - OVERDRAFT SERVICE FEE ,-99.0,-12127.78
31/12/2025, - FEE - DEBIT ORDER ,-20.0,-12028.78
31/12/2025,BDG/BUSINS819045252 JAN 251231 - INSURANCE PREMIUM BDG/BUSINS819045252 JAN 251231,-2989.45,-12008.78
31/12/2025,332722368 - DEBIT CARD PURCHASE FEE 332722368,-4.7,-9019.33
31/12/2025,GLOBAL TLAYANG FILLING  RUSTEN 2025 - DEBIT CARD PURCHASE FROM GLOBAL TLAYANG FILLING  RUSTEN 2025,-1241.45,-9014.63
31/12/2025,332722368 - DEBIT CARD PURCHASE FEE 332722368,-4.7,-7773.18
31/12/2025,CNN KOREAN PARTS  9030  RUSTEN 2025 - DEBIT CARD PURCHASE FROM CNN KOREAN PARTS  9030  RUSTEN 2025,-885.0,-7768.48
31/12/2025,332722368 - FEE-ELECTRONIC ACCOUNT PAYMENT 332722368,-8.9,-6883.48
31/12/2025,THABANG JOHN MOREO TJ MOREO - IB PAYMENT TO THABANG JOHN MOREO TJ MOREO,-10000.0,-6874.58
30/12/2025,DR EFTPOS 2KC 2  0002624445252 - CREDIT CARD EFTPOS SETTLEMENT DR EFTPOS 2KC 2  0002624445252,1960.0,3125.42
30/12/2025,CR EFTPOS 2KC 2  0002624445252 - CREDIT CARD EFTPOS SETTLEMENT CR EFTPOS 2KC 2  0002624445252,410.0,1165.42
30/12/2025,J GOVENDER - FEE: PAYMENT CONFIRM - EMAIL J GOVENDER,-0.8,755.42
30/12/2025,#INTERNATIONAL4278193343490900 - BANK CHARGES #INTERNATIONAL4278193343490900,-8.98,756.22
30/12/2025,332722368 - FEE-ELECTRONIC ACCOUNT PAYMENT 332722368,-8.9,765.2
30/12/2025,J GOVENDER OPULENT RENT - IB PAYMENT TO J GOVENDER OPULENT RENT,-8800.0,774.1
30/12/2025,332722368 - FEE-ELECTRONIC ACCOUNT PAYMENT 332722368,-8.9,9574.1
30/12/2025,C NYONI CHARLOTTE SA - IB PAYMENT TO C NYONI CHARLOTTE SA,-5819.0,9583.0
30/12/2025,332722368 - FEE-ELECTRONIC ACCOUNT PAYMENT 332722368,-8.9,15402.0
30/12/2025,IRENE SARIFO - IB PAYMENT TO IRENE SARIFO,-7496.5,15410.9
30/12/2025,332722368 - FEE-ELECTRONIC ACCOUNT PAYMENT 332722368,-8.9,22907.4
30/12/2025,TUNNEL MANGOZVANA MS TUNNEL SA - IB PAYMENT TO TUNNEL MANGOZVANA MS TUNNEL SA,-10825.0,22916.3
30/12/2025, - FEE-CHEQ CARD PURCHASE ,-4.7,33741.3
30/12/2025,DNH*GODADDY#3 4278*0900 28 DEC - CHEQUE CARD PURCHASE DNH*GODADDY#3 4278*0900 28 DEC,-326.57,33746.0
29/12/2025,DR EFTPOS 2KC 2  0002614445252 - CREDIT CARD EFTPOS SETTLEMENT DR EFTPOS 2KC 2  0002614445252,680.0,34072.57
29/12/2025,#INTERNATIONAL4278193343490900 - BANK CHARGES #INTERNATIONAL4278193343490900,-6.26,33392.57
29/12/2025,UCOUNT - MEMBERSHIP FEE UCOUNT,-30.0,33398.83
29/12/2025,332722368 - DEBIT CARD PURCHASE FEE 332722368,-4.7,33428.83
29/12/2025,GLOBAL TLAYANG C-STORE  TZANEE 2025 - DEBIT CARD PURCHASE FROM GLOBAL TLAYANG C-STORE  TZANEE 2025,-1245.6,33433.53
29/12/2025, - FEE-CHEQ CARD PURCHASE ,-4.7,34679.13
29/12/2025,CRAZY PLASTIC 4278*0900 23 DEC - CHEQUE CARD PURCHASE CRAZY PLASTIC 4278*0900 23 DEC,-69.9,34683.83
29/12/2025, - FEE-CHEQ CARD PURCHASE ,-4.7,34753.73
29/12/2025,FACEBK *CVJPP 4278*0900 26 DEC - CHEQUE CARD PURCHASE FACEBK *CVJPP 4278*0900 26 DEC,-227.57,34758.43
27/12/2025, - FEE-CHEQ CARD PURCHASE ,-4.7,34986.0
27/12/2025,BIDVEST WALTO 4278*0900 22 DEC - CHEQUE CARD PURCHASE BIDVEST WALTO 4278*0900 22 DEC,-224.88,34990.7
24/12/2025,CR EFTPOS 2KC 2  0002604445252 - CREDIT CARD EFTPOS SETTLEMENT CR EFTPOS 2KC 2  0002604445252,1010.0,35215.58
24/12/2025,DR EFTPOS 2KC 2  0002604445252 - CREDIT CARD EFTPOS SETTLEMENT DR EFTPOS 2KC 2  0002604445252,2700.0,34205.58
24/12/2025, - OVERDRAFT INTEREST ,-149.55,31505.58
24/12/2025,#INTERNATIONAL4278193343490900 - BANK CHARGES #INTERNATIONAL4278193343490900,-41.49,31655.13
24/12/2025,VHH GROUP (PTY) LTD - CREDIT TRANSFER VHH GROUP (PTY) LTD,9941.49,31696.62
24/12/2025,CASHFOCUS 29839926 - CREDIT TRANSFER CASHFOCUS 29839926,970.7,21755.13
24/12/2025, - FEE: PREPAID MOBILE PURCHASE ,-0.7,20784.43
24/12/2025,VAS00170031128 TELKM0680656597 - PREPAID MOBILE PURCHASE VAS00170031128 TELKM0680656597,-159.0,20785.13
24/12/2025,332722368 - DEBIT CARD PURCHASE FEE 332722368,-4.7,20944.13
24/12/2025,GLOBAL TLAYANG C-STORE  TZANEE 2025 - DEBIT CARD PURCHASE FROM GLOBAL TLAYANG C-STORE  TZANEE 2025,-1300.1,20948.83
24/12/2025, - FEE-CHEQ CARD PURCHASE ,-4.7,22248.93
24/12/2025,PLANET NAILS 4278*0900 20 DEC - CHEQUE CARD PURCHASE PLANET NAILS 4278*0900 20 DEC,-240.0,22253.63
24/12/2025,FACEBK *ZJ5LG 4278*0900 22 DEC - CHEQUE CARD PURCHASE FACEBK *ZJ5LG 4278*0900 22 DEC,-1508.8,22493.63
23/12/2025,DR EFTPOS 2KC 2  0002594445252 - CREDIT CARD EFTPOS SETTLEMENT DR EFTPOS 2KC 2  0002594445252,6870.0,24002.43
23/12/2025,CR EFTPOS 2KC 2  0002594445252 - CREDIT CARD EFTPOS SETTLEMENT CR EFTPOS 2KC 2  0002594445252,1630.0,17132.43
23/12/2025,CRAZY PLASTIC 4278*0900 19 DEC - CHEQUE CARD PURCHASE CRAZY PLASTIC 4278*0900 19 DEC,-99.9,15502.43
23/12/2025,CRAZY PLASTIC 4278*0900 19 DEC - CHEQUE CARD PURCHASE CRAZY PLASTIC 4278*0900 19 DEC,-554.9,15602.33
22/12/2025,DR EFTPOS 2KC 2  0002584445252 - CREDIT CARD EFTPOS SETTLEMENT DR EFTPOS 2KC 2  0002584445252,2200.0,16157.23
22/12/2025,CR EFTPOS 2KC 2  0002584445252 - CREDIT CARD EFTPOS SETTLEMENT CR EFTPOS 2KC 2  0002584445252,2250.0,13957.23
22/12/2025, - FEE: PREPAID MOBILE PURCHASE ,-0.7,11707.23
22/12/2025,VAS00168941063 VODA0636670821 - PREPAID MOBILE PURCHASE VAS00168941063 VODA0636670821,-165.0,11707.93
22/12/2025,PILANESBURG MOTORS  Rietvallei 2025 - DEBIT CARD PURCHASE FROM PILANESBURG MOTORS  Rietvallei 2025,-1344.78,11872.93
19/12/2025,DR EFTPOS 2KC 2  0002574445252 - CREDIT CARD EFTPOS SETTLEMENT DR EFTPOS 2KC 2  0002574445252,1660.0,13217.71
19/12/2025,CR EFTPOS 2KC 2  0002574445252 - CREDIT CARD EFTPOS SETTLEMENT CR EFTPOS 2KC 2  0002574445252,1200.0,11557.71
19/12/2025,MOGWASE AUTO SPARES  MOGWASE 2025-1 - DEBIT CARD PURCHASE FROM MOGWASE AUTO SPARES  MOGWASE 2025-1,-195.0,10357.71
19/12/2025,SuperSpar Ret 4278*0900 16 DEC - CHEQUE CARD PURCHASE SuperSpar Ret 4278*0900 16 DEC,-189.98,10552.71
19/12/2025,BESTCO LIFEST 4278*0900 15 DEC - CHEQUE CARD PURCHASE BESTCO LIFEST 4278*0900 15 DEC,-297.8,10742.69
19/12/2025,JETLINE CONST 4278*0900 15 DEC - CHEQUE CARD PURCHASE JETLINE CONST 4278*0900 15 DEC,-271.02,11040.49
19/12/2025,NETCASH071VHH GROUP (PTY) LTD - SALARY NETCASH071VHH GROUP (PTY) LTD,10028.2,11311.51
18/12/2025,CR EFTPOS 2KC 2  0002564445252 - CREDIT CARD EFTPOS SETTLEMENT CR EFTPOS 2KC 2  0002564445252,1780.0,1283.31
18/12/2025,DR EFTPOS 2KC 2  0002564445252 - CREDIT CARD EFTPOS SETTLEMENT DR EFTPOS 2KC 2  0002564445252,5980.0,-496.69
18/12/2025,MEULE VULSTASIE Fc  BOSHOEK 2025-12 - DEBIT CARD PURCHASE FROM MEULE VULSTASIE Fc  BOSHOEK 2025-12,-1321.85,-6476.69
17/12/2025,DIMA - MAGTAPE CREDIT DIMA,920.0,-5154.84
17/12/2025,PAYFAST*My Ap 4278*0900 13 DEC - CHEQUE CARD PURCHASE PAYFAST*My Ap 4278*0900 13 DEC,-440.44,-6074.84
17/12/2025,MEULE VULSTASIE Fc  BOSHOEK 2025-12 - DEBIT CARD PURCHASE FROM MEULE VULSTASIE Fc  BOSHOEK 2025-12,-1326.9,-5634.4
15/12/2025,DR EFTPOS 2KC 2  0002554445252 - CREDIT CARD EFTPOS SETTLEMENT DR EFTPOS 2KC 2  0002554445252,1250.0,-4307.5
15/12/2025,CR EFTPOS 2KC 2  0002554445252 - CREDIT CARD EFTPOS SETTLEMENT CR EFTPOS 2KC 2  0002554445252,2310.0,-5557.5
15/12/2025,DR EFTPOS 2KC 2  0002544445252 - CREDIT CARD EFTPOS SETTLEMENT DR EFTPOS 2KC 2  0002544445252,3130.0,-7867.5
15/12/2025,CR EFTPOS 2KC 2  0002544445252 - CREDIT CARD EFTPOS SETTLEMENT CR EFTPOS 2KC 2  0002544445252,1280.0,-10997.5
15/12/2025, - FEE: ELECTRICITY PURCHASE ,-1.8,-12277.5
15/12/2025,VAS00165904794 - ELECTRICITY PURCHASE VAS00165904794,-300.0,-12275.7
13/12/2025,SA QUEEN HAIR AND BEAUT  MORUL 2025 - DEBIT CARD PURCHASE FROM SA QUEEN HAIR AND BEAUT  MORUL 2025,-102.0,-11975.7
13/12/2025,0713419862 06H28 302119668 - FEE - INSTANT MONEY 0713419862 06H28 302119668,-10.0,-11873.7
13/12/2025,0713419862 06H28 302119668 - CELLPHONE INSTANTMON CASH TO 0713419862 06H28 302119668,-200.0,-11863.7
13/12/2025,BESTCO LIFEST 4278*0900 10 DEC - CHEQUE CARD PURCHASE BESTCO LIFEST 4278*0900 10 DEC,-219.9,-11663.7
12/12/2025,VHH GROUP (PTY) LTD - CREDIT TRANSFER VHH GROUP (PTY) LTD,8884.84,-11443.8
12/12/2025,GLOBAL TLAYANG FILLING  TZANEE 2025 - DEBIT CARD PURCHASE FROM GLOBAL TLAYANG FILLING  TZANEE 2025,-1317.3,-20328.64
12/12/2025, - FEE: PAYSHAP PAYMENT ,-3.0,-19011.34
12/12/2025,Courier Airtime - PAYSHAP PAYMENT TO Courier Airtime,-30.0,-19008.34
12/12/2025, - FEE: PAYSHAP PAYMENT ,-7.0,-18978.34
12/12/2025,Airtime Purchase - PAYSHAP PAYMENT TO Airtime Purchase,-200.0,-18971.34
12/12/2025,CLICKS KWENA 4278*0900 10 DEC - CHEQUE CARD PURCHASE CLICKS KWENA 4278*0900 10 DEC,-330.95,-18771.34
12/12/2025,iK *Anthonys 4278*0900 09 DEC - CHEQUE CARD PURCHASE iK *Anthonys 4278*0900 09 DEC,-160.0,-18440.39
12/12/2025,PLANET NAILS 4278*0900 09 DEC - CHEQUE CARD PURCHASE PLANET NAILS 4278*0900 09 DEC,-410.0,-18280.39
11/12/2025,DR EFTPOS 2KC 2  0002534445252 - CREDIT CARD EFTPOS SETTLEMENT DR EFTPOS 2KC 2  0002534445252,1030.0,-17870.39
11/12/2025,CR EFTPOS 2KC 2  0002534445252 - CREDIT CARD EFTPOS SETTLEMENT CR EFTPOS 2KC 2  0002534445252,500.0,-18900.39
11/12/2025,MULTIPLE HUB 4278*0900 09 DEC - CHEQUE CARD PURCHASE MULTIPLE HUB 4278*0900 09 DEC,-512.0,-19400.39
11/12/2025,ULTRA LIQUORS 4278*0900 08 DEC - CHEQUE CARD PURCHASE ULTRA LIQUORS 4278*0900 08 DEC,-344.98,-18888.39
10/12/2025,DR EFTPOS 2KC 2  0002524445252 - CREDIT CARD EFTPOS SETTLEMENT DR EFTPOS 2KC 2  0002524445252,1440.0,-18543.41
10/12/2025,CR EFTPOS 2KC 2  0002524445252 - CREDIT CARD EFTPOS SETTLEMENT CR EFTPOS 2KC 2  0002524445252,819.0,-19983.41
10/12/2025,MEULE VULSTASIE Fc  BOSHOEK 2025-12 - DEBIT CARD PURCHASE FROM MEULE VULSTASIE Fc  BOSHOEK 2025-12,-1362.2,-20802.41
09/12/2025,#INTERNATIONAL4278193343490900 - BANK CHARGES #INTERNATIONAL4278193343490900,-5.65,-19440.21
09/12/2025,PLANET NAILS 4278*0900 05 DEC - CHEQUE CARD PURCHASE PLANET NAILS 4278*0900 05 DEC,-425.0,-19434.56
09/12/2025,CRAZY PLASTIC 4278*0900 05 DEC - CHEQUE CARD PURCHASE CRAZY PLASTIC 4278*0900 05 DEC,-169.9,-19009.56
09/12/2025,WIX.COM 4278*0900 06 DEC - CHEQUE CARD PURCHASE WIX.COM 4278*0900 06 DEC,-205.34,-18839.66
08/12/2025,DR EFTPOS 2KC 2  0002514445252 - CREDIT CARD EFTPOS SETTLEMENT DR EFTPOS 2KC 2  0002514445252,4750.0,-18634.32
08/12/2025,ANDREWS FILLING STATIO  NRUSTE 2025 - DEBIT CARD PURCHASE FROM ANDREWS FILLING STATIO  NRUSTE 2025,-1318.6,-23384.32
08/12/2025,RENATA  Rustenburg 2025-12-08T09:40 - DEBIT CARD PURCHASE FROM RENATA  Rustenburg 2025-12-08T09:40,-280.0,-22065.72
08/12/2025,LiquorShop Al 4278*0900 05 DEC - CHEQUE CARD PURCHASE LiquorShop Al 4278*0900 05 DEC,-199.99,-21785.72
06/12/2025,DR EFTPOS 2KC 2  0002504445252 - CREDIT CARD EFTPOS SETTLEMENT DR EFTPOS 2KC 2  0002504445252,1700.0,-21585.73
06/12/2025,CR EFTPOS 2KC 2  0002504445252 - CREDIT CARD EFTPOS SETTLEMENT CR EFTPOS 2KC 2  0002504445252,800.0,-23285.73
06/12/2025, - FEE: PAYSHAP PAYMENT ,-18.0,-24085.73
06/12/2025,Toilet Rental - PAYSHAP PAYMENT TO Toilet Rental,-2500.0,-24067.73
05/12/2025,CR EFTPOS 2KC 2  0002494445252 - CREDIT CARD EFTPOS SETTLEMENT CR EFTPOS 2KC 2  0002494445252,2450.0,-21567.73
05/12/2025,DR EFTPOS 2KC 2  0002494445252 - CREDIT CARD EFTPOS SETTLEMENT DR EFTPOS 2KC 2  0002494445252,980.0,-24017.73
05/12/2025,NETCASH071VHH GROUP (PTY) LTD - SALARY NETCASH071VHH GROUP (PTY) LTD,8490.05,-24997.73
04/12/2025,GLOBAL BOIKHUTSO FILLI  HAMMAR 2025 - DEBIT CARD PURCHASE FROM GLOBAL BOIKHUTSO FILLI  HAMMAR 2025,-1208.5,-33487.78
03/12/2025,DR EFTPOS 2KC 2  0002484445252 - CREDIT CARD EFTPOS SETTLEMENT DR EFTPOS 2KC 2  0002484445252,220.0,-32279.28
03/12/2025,CR EFTPOS 2KC 2  0002484445252 - CREDIT CARD EFTPOS SETTLEMENT CR EFTPOS 2KC 2  0002484445252,420.0,-32499.28
03/12/2025,CRAZY PLASTIC 4278*0900 29 NOV - CHEQUE CARD PURCHASE CRAZY PLASTIC 4278*0900 29 NOV,-571.4,-32919.28
03/12/2025,BESTCO LIFEST 4278*0900 30 NOV - CHEQUE CARD PURCHASE BESTCO LIFEST 4278*0900 30 NOV,-502.9,-32347.88
03/12/2025,PLANET NAILS 4278*0900 29 NOV - CHEQUE CARD PURCHASE PLANET NAILS 4278*0900 29 NOV,-789.0,-31844.98
02/12/2025,SHALOM PETRO WAS  RUSTENBURG 2025-1 - DEBIT CARD PURCHASE FROM SHALOM PETRO WAS  RUSTENBURG 2025-1,-1283.5,-31055.98
02/12/2025,TYREMART ALLE 4278*0900 29 NOV - CHEQUE CARD PURCHASE TYREMART ALLE 4278*0900 29 NOV,-7600.0,-29772.48
02/12/2025,VOX TELECOMMS VOIP LINE - IB PAYMENT TO VOX TELECOMMS VOIP LINE,-330.0,-22172.48
01/12/2025,DR EFTPOS 2KC 2  0002474445252 - CREDIT CARD EFTPOS SETTLEMENT DR EFTPOS 2KC 2  0002474445252,2770.0,-21842.48
01/12/2025,CR EFTPOS 2KC 2  0002474445252 - CREDIT CARD EFTPOS SETTLEMENT CR EFTPOS 2KC 2  0002474445252,2020.0,-24612.48
01/12/2025,J GOVENDER - FEE: PAYMENT CONFIRM - EMAIL J GOVENDER,-0.8,-26632.48
01/12/2025,#INTERNATIONAL4278193343490900 - BANK CHARGES #INTERNATIONAL4278193343490900,-9.24,-26631.68
01/12/2025,KGOLAENTLE COLLECTIONS - ELECTRONIC TRF - CREDIT CARD KGOLAENTLE COLLECTIONS,-861.13,-26622.44
01/12/2025,CAPITEC   PAT - CREDIT TRANSFER CAPITEC   PAT,300.0,-25761.31
01/12/2025,DNH*GODADDY#3 4278*0900 28 NOV - CHEQUE CARD PURCHASE DNH*GODADDY#3 4278*0900 28 NOV,-335.97,-26061.31
01/12/2025, - FEE IMMEDIATE PAYMENT ,-40.0,-25725.34
01/12/2025,270616191 C NYONI - IMMEDIATE PAYMENT 270616191 C NYONI,-3202.0,-25685.34
01/12/2025, - FEE IMMEDIATE PAYMENT ,-40.0,-22483.34
01/12/2025,270616115 IRENE SARIFO - IMMEDIATE PAYMENT 270616115 IRENE SARIFO,-4172.0,-22443.34
01/12/2025, - FEE IMMEDIATE PAYMENT ,-40.0,-18271.34
01/12/2025,270616032 TUNNEL MANGOZVANA - IMMEDIATE PAYMENT 270616032 TUNNEL MANGOZVANA,-7320.25,-18231.34
01/12/2025, - FEE IMMEDIATE PAYMENT ,-40.0,-10911.09
01/12/2025,270615956 MS ESETHU JAMA - IMMEDIATE PAYMENT 270615956 MS ESETHU JAMA,-2576.0,-10871.09
01/12/2025,270615873 J GOVENDER - IMMEDIATE PAYMENT 270615873 J GOVENDER,-8800.0,-8295.09
29/11/2025,0000000332722368 00076 R38.00 - FEE: MYUPDATES FOR BUSINESS 0000000332722368 00076 R38.00,-38.0,504.91
29/11/2025, - MONTHLY MANAGEMENT FEE ,-300.0,542.91
29/11/2025, - FEE: UNUSED FACILITY ,-27.61,842.91
29/11/2025, - OVERDRAFT SERVICE FEE ,-90.0,870.52
29/11/2025,BDG/BUSINS819045252 DEC 251129 - INSURANCE PREMIUM BDG/BUSINS819045252 DEC 251129,-2571.25,960.52
29/11/2025,THABANG JOHN MORE TJ MOREO - N - IB PAYMENT TO THABANG JOHN MORE TJ MOREO - N,-6500.0,3531.77
28/11/2025,DR EFTPOS 2KC 2  0002464445252 - CREDIT CARD EFTPOS SETTLEMENT DR EFTPOS 2KC 2  0002464445252,1380.0,10031.77
28/11/2025,CR EFTPOS 2KC 2  0002464445252 - CREDIT CARD EFTPOS SETTLEMENT CR EFTPOS 2KC 2  0002464445252,530.0,8651.77
28/11/2025,VHH GROUP (PTY) LTD - CREDIT TRANSFER VHH GROUP (PTY) LTD,10015.71,8121.77
28/11/2025,CELLPHONE     15H50 299573227 - INSTANT MONEY CANCELLATION AT CELLPHONE     15H50 299573227,3500.0,-1893.94
28/11/2025,0823035070 15H23 299573227 - FEE - INSTANT MONEY 0823035070 15H23 299573227,-19.0,-5393.94
28/11/2025,0823035070 15H23 299573227 - CELLPHONE INSTANTMON CASH TO 0823035070 15H23 299573227,-3500.0,-5374.94
27/11/2025,CR EFTPOS 2KC 2  0002454445252 - CREDIT CARD EFTPOS SETTLEMENT CR EFTPOS 2KC 2  0002454445252,650.0,-1874.94
27/11/2025,DR EFTPOS 2KC 2  0002454445252 - CREDIT CARD EFTPOS SETTLEMENT DR EFTPOS 2KC 2  0002454445252,610.0,-2524.94
27/11/2025,#INTERNATIONAL4278193343490900 - BANK CHARGES #INTERNATIONAL4278193343490900,-5.32,-3134.94
27/11/2025,GOMOLEMO - IB PAYMENT FROM GOMOLEMO,460.0,-3129.62
27/11/2025,BP Midtown  CPT           GP Z 2025 - DEBIT CARD PURCHASE FROM BP Midtown  CPT           GP Z 2025,-1086.76,-3589.62
27/11/2025, - FEE: PREPAID MOBILE PURCHASE ,-0.7,-2502.86
27/11/2025,VAS00159852167 VODA0636670821 - PREPAID MOBILE PURCHASE VAS00159852167 VODA0636670821,-165.0,-2502.16
27/11/2025,FACEBK *5QA5T 4278*0900 26 NOV - CHEQUE CARD PURCHASE FACEBK *5QA5T 4278*0900 26 NOV,-193.56,-2337.16
26/11/2025,CR EFTPOS 2KC 2  0002444445252 - CREDIT CARD EFTPOS SETTLEMENT CR EFTPOS 2KC 2  0002444445252,1590.0,-2143.6
26/11/2025,DR EFTPOS 2KC 2  0002444445252 - CREDIT CARD EFTPOS SETTLEMENT DR EFTPOS 2KC 2  0002444445252,2225.0,-3733.6
26/11/2025,PLANET NAILS 4278*0900 22 NOV - CHEQUE CARD PURCHASE PLANET NAILS 4278*0900 22 NOV,-520.0,-5958.6
26/11/2025,CRAZY PLASTIC 4278*0900 22 NOV - CHEQUE CARD PURCHASE CRAZY PLASTIC 4278*0900 22 NOV,-69.9,-5438.6
25/11/2025, - OVERDRAFT INTEREST ,-182.12,-5368.7
25/11/2025,UCOUNT - MEMBERSHIP FEE UCOUNT,-30.0,-5186.58
25/11/2025,Die Kraal Filling  Beestekraal 2025 - DEBIT CARD PURCHASE FROM Die Kraal Filling  Beestekraal 2025,-1172.8,-5156.58
25/11/2025,THABANG JOHN MOREO TJ MOREO - IB PAYMENT TO THABANG JOHN MOREO TJ MOREO,-800.0,-3983.78
25/11/2025,LiquorShop Al 4278*0900 22 NOV - CHEQUE CARD PURCHASE LiquorShop Al 4278*0900 22 NOV,-209.99,-3183.78
24/11/2025,DR EFTPOS 2KC 2  0002424445252 - CREDIT CARD EFTPOS SETTLEMENT DR EFTPOS 2KC 2  0002424445252,910.0,-2973.79
24/11/2025,CR EFTPOS 2KC 2  0002434445252 - CREDIT CARD EFTPOS SETTLEMENT CR EFTPOS 2KC 2  0002434445252,650.0,-3883.79
24/11/2025,CR EFTPOS 2KC 2  0002424445252 - CREDIT CARD EFTPOS SETTLEMENT CR EFTPOS 2KC 2  0002424445252,430.0,-4533.79
24/11/2025,CAPITEC   K PHALANE - CREDIT TRANSFER CAPITEC   K PHALANE,360.0,-4963.79
22/11/2025,DR EFTPOS 2KC 2  0002414445252 - CREDIT CARD EFTPOS SETTLEMENT DR EFTPOS 2KC 2  0002414445252,290.0,-5323.79
22/11/2025,CR EFTPOS 2KC 2  0002414445252 - CREDIT CARD EFTPOS SETTLEMENT CR EFTPOS 2KC 2  0002414445252,510.0,-5613.79
22/11/2025,JETLINE CONST 4278*0900 19 NOV - CHEQUE CARD PURCHASE JETLINE CONST 4278*0900 19 NOV,-122.12,-6123.79
21/11/2025,CR EFTPOS 2KC 2  0002404445252 - CREDIT CARD EFTPOS SETTLEMENT CR EFTPOS 2KC 2  0002404445252,650.0,-6001.67
21/11/2025,DR EFTPOS 2KC 2  0002404445252 - CREDIT CARD EFTPOS SETTLEMENT DR EFTPOS 2KC 2  0002404445252,270.0,-6651.67
21/11/2025,VHH GROUP (PTY) LTD - CREDIT TRANSFER VHH GROUP (PTY) LTD,10683.56,-6921.67
21/11/2025,Thuli - PAYSHAP PAYMENT FROM Thuli,450.0,-17605.23
21/11/2025,GLOBAL TLAYANG FILLING  TZANEE 2025 - DEBIT CARD PURCHASE FROM GLOBAL TLAYANG FILLING  TZANEE 2025,-1320.8,-18055.23
19/11/2025, - FEE: ELECTRICITY PURCHASE ,-1.8,-16734.43
19/11/2025,VAS00157352953 - ELECTRICITY PURCHASE VAS00157352953,-300.0,-16732.63
19/11/2025,BOTHO FILLING STATION  Rustenb 2025 - DEBIT CARD PURCHASE FROM BOTHO FILLING STATION  Rustenb 2025,-1395.8,-16432.63
18/11/2025,DR EFTPOS 2KC 2  0002394445252 - CREDIT CARD EFTPOS SETTLEMENT DR EFTPOS 2KC 2  0002394445252,250.0,-15036.83
18/11/2025,HPY*SILWERKRANS MOTORS  RUSTEN 2025 - DEBIT CARD PURCHASE FROM HPY*SILWERKRANS MOTORS  RUSTEN 2025,-420.0,-15286.83
18/11/2025,FACEBK *CPLWZ 4278*0900 16 NOV - CHEQUE CARD PURCHASE FACEBK *CPLWZ 4278*0900 16 NOV,-1508.8,-14866.83
18/11/2025,#INTERNATIONAL4278193343490900 - CHEQUE CARD PURCHASE #INTERNATIONAL4278193343490900,-41.49,-13358.03
17/11/2025,MAXINE - MAGTAPE CREDIT MAXINE,270.0,-13316.54
17/11/2025,#INTERNATIONAL4278193343490900 - CHEQUE CARD PURCHASE #INTERNATIONAL4278193343490900,-4.51,-13586.54
17/11/2025,Audible*B85WN 4278*0900 14 NOV - CHEQUE CARD PURCHASE Audible*B85WN 4278*0900 14 NOV,-164.04,-13582.03
15/11/2025,MICHELLE NARAYAN - IB PAYMENT FROM MICHELLE NARAYAN,800.0,-13417.99
15/11/2025,River Service Station  JHB 2025-11- - DEBIT CARD PURCHASE FROM River Service Station  JHB 2025-11-,-1317.1,-14217.99
13/05/2026,CLOSING BALANCE,,ZAR-37511.18
